"id","cluster_id","sentiment","id","name","address","rating","rubric","text"
1676,1,POSITIVE,1676,–ü–ª–∞–Ω–µ—Ç–∞,"–†–æ—Å—Ç–æ–≤-–Ω–∞-–î–æ–Ω—É, —É–ª–∏—Ü–∞ 1-–π –ö–æ–Ω–Ω–æ–π –ê—Ä–º–∏–∏, 4–ê",5,–¢—É—Ä–∏—Å—Ç–∏—á–µ—Å–∫–∏–π –∫–ª—É–±;–¢—É—Ä–∞–≥–µ–Ω—Ç—Å—Ç–≤–æ,"–•–æ—á—É –≤—ã—Ä–∞–∑–∏—Ç—å –æ–≥—Ä–æ–º–Ω—É—é –±–ª–∞–≥–æ–¥–∞—Ä–Ω–æ—Å—Ç—å –≤–∞—à–µ–º—É –∫–ª—É–±—É!!!! –û—Ä–≥–∞–Ω–∏–∑–∞—Ü–∏—è –±—ã–ª–∞ –Ω–∞ –≤—ã—Å—à–µ–º —É—Ä–æ–≤–Ω–µ. –ì–∏–¥ –ö—Å—é—à–∞, –ø–æ—Ç—Ä—è—Å–∞—é—â–∏–π —á–µ–ª–æ–≤–µ–∫, –Ω–µ–æ–±—ã–∫–Ω–æ–≤–µ–Ω–Ω–æ –¥–æ–±—Ä–∞—è, –≤–Ω–∏–º–∞—Ç–µ–ª—å–Ω–∞—è –∏ –∑–∞–±–æ—Ç–ª–∏–≤–∞—è.\n–§–æ—Ç–æ–≥—Ä–∞—Ñ –¢–∞—Ç—å—è–Ω–∞ —Ä–∞–¥–æ–≤–∞–ª–∞ –Ω–∞—Å –ø–æ—Å—Ç–æ—è–Ω–Ω–æ –∫—Ä–∞—Å–∏–≤—ã–º–∏ –∏–¥–µ—è–º–∏, –≤—ã–±–∏—Ä–∞–ª–∞ –Ω–µ–æ–±—ã–∫–Ω–æ–≤–µ–Ω–Ω—ã–µ –ª–æ–∫–∞—Ü–∏–∏ –∏ –æ–±—Ä–∞–∑—ã. –ü—Ä–æ—è–≤–∏–ª–∞ –∑–∞–±–æ—Ç—É –æ –∫–∞–∂–¥–æ–π, –ø–æ–¥–≥–æ—Ç–æ–≤–∏–ª–∞ –º–Ω–æ–≥–æ –æ–±—Ä–∞–∑–æ–≤ –∫—Ä–∞—Å–∏–≤—ã—Ö. \n–°–ø–∞—Å–∏–±–æ –æ–≥—Ä–æ–º–Ω–æ–µ –≤—Å–µ–º!!! \n–Ø —Å—á–∞—Å—Ç–ª–∏–≤–∞,–ø–æ–¥–∑–∞—Ä—è–¥–∏–ª–∞—Å—å –ø–æ–ª–æ–∂–∏—Ç–µ–ª—å–Ω—ã–º–∏ —ç–º–æ—Ü–∏—è–º–∏.–£–≤–∏–¥–µ–ª–∞ –∫—Ä–∞—Å–∏–≤—ã–µ –Ω–æ–≤—ã–µ –º–µ—Å—Ç–∞!!! \n\n\n"
1677,1,POSITIVE,1677,–ü–ª–∞–Ω–µ—Ç–∞,"–†–æ—Å—Ç–æ–≤-–Ω–∞-–î–æ–Ω—É, —É–ª–∏—Ü–∞ 1-–π –ö–æ–Ω–Ω–æ–π –ê—Ä–º–∏–∏, 4–ê",5,–¢—É—Ä–∏—Å—Ç–∏—á–µ—Å–∫–∏–π –∫–ª—É–±;–¢—É—Ä–∞–≥–µ–Ω—Ç—Å—Ç–≤–æ,"—É–∂–µ 5-–π –≥–æ–¥ –≤ –ø–æ–¥—Ä—è–¥ –Ω–µ –ø—Ä–µ–¥—Å—Ç–∞–≤–ª—è—é —Å–≤–æ—é –∂–∏–∑–Ω—å –±–µ–∑ –ø—É—Ç–µ—à–µ—Å—Ç–≤–∏–π –≤ –∫–æ–º–ø–∞–Ω–∏–∏ —ç—Ç–∏—Ö –∑–∞–º–µ—á–∞—Ç–µ–ª—å–Ω—ã—Ö –ª—é–¥–µ–π. –í—Å–µ–≥–¥–∞ –≤—Å–µ –Ω–∞ –≤—ã—Å—à–µ–º —É—Ä–æ–≤–Ω–µ. –î–∞–ª—å—à–µ-–±–æ–ª—å—à–µ, –æ—Ä–≥–∞–Ω–∏–∑–æ–≤–∞–ª–∞ –¥–ª—è —Å–≤–æ–∏—Ö –∫–æ–ª–ª–µ–≥ —Å–ø–ª–∞–≤ –ø–æ —Ä–µ–∫–µ –¥–æ–Ω, –≤—Å–µ –æ—Å—Ç–∞–ª–∏—Å—å –≤ –¥–∏–∫–æ–º –≤–æ—Å—Ç–æ—Ä–≥–µ, –∑–∞ —ç—Ç–æ –ø—É—Ç–µ—à–µ—Å—Ç–≤–∏–µ —Ö–æ—á—É –ø–æ–±–ª–∞–≥–æ–¥–∞—Ä–∏—Ç—å –≥–∏–¥–∞ –ó–∞—Ö–∞—Ä–æ–≤–∞ –ê–ª–µ–∫—Å–µ—è, –≤—Å–µ —á–µ—Ç–∫–æ, –æ—Ä–≥–∞–Ω–∏–∑–æ–≤–∞–Ω–æ, –≤–∫—É—Å–Ω–æ –∏ –æ—á–µ–Ω—å –ø–æ–∑–Ω–∞–≤–∞—Ç–µ–ª—å–Ω–æ. –£–∂–µ –ø–ª–∞–Ω–∏—Ä—É–µ–º –Ω–æ–≤—ã–µ –ø—É—Ç–µ—à–µ—Å—Ç–≤–∏—è —Å –ª—é–±–∏–º–æ–π ""–ü–ª–∞–Ω–µ—Ç–æ–π"""
3223,1,POSITIVE,3223,–ü–ª–∞–Ω–µ—Ç–∞,"–ê—Ä—Ö–∞–Ω–≥–µ–ª—å—Å–∫–∞—è –æ–±–ª–∞—Å—Ç—å, –ú–∏—Ä–Ω—ã–π, —É–ª–∏—Ü–∞ –õ–µ–Ω–∏–Ω–∞, 36",4,–ö–∏–Ω–æ—Ç–µ–∞—Ç—Ä;–†–∞–∑–≤–ª–µ–∫–∞—Ç–µ–ª—å–Ω—ã–π —Ü–µ–Ω—Ç—Ä,"–ü–µ—Ä—Å–æ–Ω–∞–ª - –∑–æ–ª–æ—Ç–æ! –ö—Ä–µ—Å–ª–∞ - —É–¥–æ–±–Ω—ã–µ. –ó–∞–ª - –æ–¥–∏–Ω, –æ—Ç —ç—Ç–æ–≥–æ —Å—Ç—Ä–∞–¥–∞–µ—Ç —Ä–µ–ø–µ—Ä—Ç—É–∞—Ä, –Ω–µ –≤—Å–µ —Ñ–∏–ª—å–º—ã, –≤—ã—Ö–æ–¥—è—â–∏–µ –≤ –ø—Ä–æ–∫–∞—Ç, –º–æ–∂–Ω–æ –ø–æ—Å–º–æ—Ç—Ä–µ—Ç—å. –ö–∞—Ñ–µ –µ—Å—Ç—å, –º–æ—Ä–æ–∂–µ–Ω–æ–µ –≤–∫—É—Å–Ω–æ–µ"
3799,-1,POSITIVE,3799,–ü–ª–∞–Ω–µ—Ç–∞,"–ü–µ—Ä–º—å, —É–ª–∏—Ü–∞ –ö—Ä—É–ø—Å–∫–æ–π, 80–ê",5,"–°–ø–æ—Ä—Ç–∏–≤–Ω—ã–π –∫–ª—É–±, —Å–µ–∫—Ü–∏—è","–®–∏–∫–∞—Ä–Ω—ã–π —Å–ø–æ—Ä—Ç–∏–≤–Ω—ã–π –∫–ª—É–±,  –∫–æ—Ç–æ—Ä—ã–π –±–æ–ª–µ–µ 50 –ª–µ—Ç –ø—Ä–∏—Ç—è–≥–∏–≤–∞–µ—Ç –∫ —Å–µ–±–µ –º–æ–ª–æ–¥—ë–∂—å , –≤–æ—Å–ø–∏—Ç—ã–≤–∞–µ—Ç —Å–ø–æ—Ä—Ç—Å–º–µ–Ω–æ–≤ —Å–∞–º–æ–≥–æ –≤—ã—Å–æ–∫–æ–≥–æ —É—Ä–æ–≤–Ω—è.  –°–æ–±–ª—é–¥–∞–µ—Ç —Ç—Ä–∞–¥–∏—Ü–∏–∏,  –∏ –§–∞–º–∏–ª—å–Ω—ã–µ –î–∏–Ω—Å—Ç–∏–∏. –ò –≤—Å—ë —ç—Ç–æ –∞–±—Å–æ–ª—é—Ç–Ω–æ –±–µ—Å–ø–ª–∞—Ç–Ω–æ)))))."
5752,0,POSITIVE,5752,–ü–ª–∞–Ω–µ—Ç–∞,"–†–µ—Å–ø—É–±–ª–∏–∫–∞ –ë–∞—à–∫–æ—Ä—Ç–æ—Å—Ç–∞–Ω, –£—Ñ–∞, —É–ª–∏—Ü–∞ –≠–Ω—Ç—É–∑–∏–∞—Å—Ç–æ–≤, 20",4,–¢–æ—Ä–≥–æ–≤—ã–π —Ü–µ–Ω—Ç—Ä;–†–∞–∑–≤–ª–µ–∫–∞—Ç–µ–ª—å–Ω—ã–π —Ü–µ–Ω—Ç—Ä,"–•–æ—Ä–æ—à–µ–µ –º–µ—Å—Ç–æ –¥–ª—è –ø—Ä–∏–æ–±—Ä–µ—Ç–µ–Ω–∏—è –º–Ω–æ–≥–∏—Ö –ø—Ä–µ–¥–º–µ—Ç–æ–≤ –æ–¥–µ–∂–¥—ã, –æ–±—É–≤–∏, –ø—Ä–∏–µ–º–ª–µ–º—ã–µ —Ü–µ–Ω—ã –∏ —Ö–æ—Ä–æ—à–∏–µ –∞–∫—Ü–∏–∏ ü§©"
5753,0,POSITIVE,5753,–ü–ª–∞–Ω–µ—Ç–∞,"–†–µ—Å–ø—É–±–ª–∏–∫–∞ –ë–∞—à–∫–æ—Ä—Ç–æ—Å—Ç–∞–Ω, –£—Ñ–∞, —É–ª–∏—Ü–∞ –≠–Ω—Ç—É–∑–∏–∞—Å—Ç–æ–≤, 20",5,–¢–æ—Ä–≥–æ–≤—ã–π —Ü–µ–Ω—Ç—Ä;–†–∞–∑–≤–ª–µ–∫–∞—Ç–µ–ª—å–Ω—ã–π —Ü–µ–Ω—Ç—Ä,"–•–æ—Ä–æ—à–∏–π —Ç—Ä–∫. –ú–Ω–æ–≥–æ –º–∞–≥–∞–∑–∏–Ω–æ–≤, —Ö–æ—Ä–æ—à–∏–π —Ñ—É—Ç–∫–æ—Ä—Ç, –¥–µ—Ç—Å–∫–∞—è –∑–æ–Ω–∞ –æ–≥—Ä–æ–º–Ω–∞. –í–æ–æ–±—â–µ–º –µ—Å—Ç—å –≤—Å—ë."
5754,-1,POSITIVE,5754,–ü–ª–∞–Ω–µ—Ç–∞,"–†–µ—Å–ø—É–±–ª–∏–∫–∞ –ë–∞—à–∫–æ—Ä—Ç–æ—Å—Ç–∞–Ω, –£—Ñ–∞, —É–ª–∏—Ü–∞ –≠–Ω—Ç—É–∑–∏–∞—Å—Ç–æ–≤, 20",5,–¢–æ—Ä–≥–æ–≤—ã–π —Ü–µ–Ω—Ç—Ä;–†–∞–∑–≤–ª–µ–∫–∞—Ç–µ–ª—å–Ω—ã–π —Ü–µ–Ω—Ç—Ä,"–ù—É —á—Ç–æ —Å–∫–∞–∑–∞—Ç—å, –ü–ª–∞–Ω–µ—Ç–∞ —ç—Ç–æ —Ä–µ–∞–ª—å–Ω–æ —Ç–æ –º–µ—Å—Ç–æ, –≥–¥–µ –º–æ–∂–Ω–æ –Ω–∞–π—Ç–∏ –≤—Å—ë, –Ω—É –∏–ª–∏ –ø–æ—á—Ç–∏ –≤—Å—ë))) –µ—Å–ª–∏ —Ç—ã –æ–≥—Ä–∞–Ω–∏—á–µ–Ω –≤–æ –≤—Ä–µ–º–µ–Ω–∏ –∏ —á—Ç–æ —Ç–æ –Ω—É–∂–Ω–æ –ø—Ä—è–º —Å—Ä–æ—á–Ω–æ, —Ç–æ –∫–æ–Ω–µ—á–Ω–æ –Ω–∞–¥–æ –µ—Ö–∞—Ç—å –≤ –ü–ª–∞–Ω–µ—Ç—É. –ù–∞–¥–µ—é—Å—å –≤ —Å–∫–æ—Ä–æ–º –≤—Ä–µ–º–µ–Ω–∏ –µ—â—ë –∏ –≤–µ—Ä–Ω—É—Ç—å—Å—è –ª–∏–±–æ –Ω–∞–π–¥—ë—Ç—Å—è –∑–∞–º–µ–Ω–∞ —Å–µ—Ç–µ–≤—ã–º –º–∞–≥–∞–∑–∏–Ω–∞–º –æ–¥–µ–∂–¥—ã, –≤ –∫–æ—Ç–æ—Ä—ã—Ö –º–æ–∂–Ω–æ –æ–¥–µ—Ç—å—Å—è –±—é–¥–∂–µ—Ç–Ω–æ –∏ –∫—Ä–∞—Å–∏–≤–æ. –§—É–¥-–∫–æ—Ä—Ç —Å—É–ø–µ—Ä, –¥–µ—Ç—Å–∫–∏–µ –∑–æ–Ω—ã –æ—Ç–ª–∏—á–Ω—ã–µ, —Ö–æ—Ä–æ—à–∞—è –Ω–∞–≤–∏–≥–∞—Ü–∏—è, –ø–∞—Ä–∫–æ–≤–∫–∞ –æ–≥—Ä–æ–º–Ω–∞—è. –í –æ–±—â–µ–º 5 –∏–∑ 5."
5755,0,POSITIVE,5755,–ü–ª–∞–Ω–µ—Ç–∞,"–†–µ—Å–ø—É–±–ª–∏–∫–∞ –ë–∞—à–∫–æ—Ä—Ç–æ—Å—Ç–∞–Ω, –£—Ñ–∞, —É–ª–∏—Ü–∞ –≠–Ω—Ç—É–∑–∏–∞—Å—Ç–æ–≤, 20",5,–¢–æ—Ä–≥–æ–≤—ã–π —Ü–µ–Ω—Ç—Ä;–†–∞–∑–≤–ª–µ–∫–∞—Ç–µ–ª—å–Ω—ã–π —Ü–µ–Ω—Ç—Ä,–≤—ã–±–æ—Ä —Ç–æ–≤–∞—Ä–æ–≤ –º–Ω–æ–≥–æ –æ–¥–µ–∂—ã –º–Ω–æ–≥–æ –∏ —Ä–∞–∑–Ω–æ–æ–±—Ä–∞–∑–Ω—ã —Å –¥–µ—Ç—å–º–∏ —Ç–æ–∂–µ –º–æ–∂–Ω–æ —Å—Ö–æ–¥–∏—Ç—å –µ—Å—Ç—å —Ä–∞–∑–≤–ª–µ—á–µ–Ω–∏–µ –∏ –º–Ω–æ–≥–æ –µ—â—ë —á–µ–≥–æ –ø–∞—Ä–∫–æ–≤–∫–∞ –ø–æ—Å—Ç–æ—Ä–Ω–∞—è –º–æ–∂–Ω–æ –∫—É–¥–∞ —Ö–æ—á–µ—à—å—Ç —Å—Ç–∞–≤–∏—Ç—å –µ—Å—Ç—å –ø–æ–¥ –∑–µ–º–Ω–∞—è –µ—Å—Ç—å –Ω–∞ –∫—Ä—ã—à–µ –ø–æ—Ä–∫–æ–≤–∫–∞
5756,0,POSITIVE,5756,–ü–ª–∞–Ω–µ—Ç–∞,"–†–µ—Å–ø—É–±–ª–∏–∫–∞ –ë–∞—à–∫–æ—Ä—Ç–æ—Å—Ç–∞–Ω, –£—Ñ–∞, —É–ª–∏—Ü–∞ –≠–Ω—Ç—É–∑–∏–∞—Å—Ç–æ–≤, 20",5,–¢–æ—Ä–≥–æ–≤—ã–π —Ü–µ–Ω—Ç—Ä;–†–∞–∑–≤–ª–µ–∫–∞—Ç–µ–ª—å–Ω—ã–π —Ü–µ–Ω—Ç—Ä,"–õ—É—á—à–∏–π —Ç–æ—Ä–≥–æ–≤—ã–π —Ü–µ–Ω—Ç—Ä –≤ –£—Ñ–µ. –ï—Å—Ç—å –∞–±—Å–æ–ª—é—Ç–Ω–æ –≤—Å–µ, –∫–∏–Ω–æ, –∞–∫–≤–∞–ø–∞—Ä–∫, –º–Ω–æ–≥–æ –∫–∞—Ñ–µ –∏ —Ä–µ—Å—Ç–æ—Ä–∞–Ω–æ–≤ –¥–∞ –µ—â–µ –æ—á–µ–Ω—å –ø—Ä–∏–ª–∏—á–Ω–æ–≥–æ —É—Ä–æ–≤–Ω—è, –ø—Ä–æ –º–∞–≥–∞–∑–∏–Ω—ã  –≤–æ–æ–±—â–µ –º–æ–ª—á—É, –ø—Ä–æ–¥—É–∫—Ç–æ–≤—ã–µ –≥–∏–ø–µ—Ä–º–∞—Ä–∫–µ—Ç—ã —á–µ–≥–æ —Ç–æ–ª—å–∫–æ —Å—Ç–æ—è—Ç. –î–µ—Ç—Å–∫–∏–µ –ø–ª–æ—â–∞–¥–∫–∏, –ø–∞—Ä–∫–∏ —Ä–∞–∑–≤–ª–µ—á–µ–Ω–∏–π, —É–¥–æ–±–Ω–∞—è –∏ –æ–≥—Ä–æ–º–Ω–∞—è –ø–∞—Ä–∫–æ–≤–∫–∞ –∫–∞–∫ –Ω–∞ —É–ª–∏—Ü–µ, —Ç–∞–∫ –∏ –≤–Ω—É—Ç—Ä–∏ –ø–æ–º–µ—â–µ–Ω–∏—è, –µ—â–µ –∏ –Ω–∞ –∫—Ä—ã—à–µ. –ï—Å–ª–∏ –í—ã –≥–æ—Å—Ç—å —Å—Ç–æ–ª–∏—Ü—ã —Ç–æ –í–∞–º —Å—é–¥–∞, –ª—É—á—à–µ –º–µ—Å—Ç–∞ –ø—Ä–æ—Å—Ç–æ –Ω–µ –Ω–∞–π—Ç–∏."
5757,0,POSITIVE,5757,–ü–ª–∞–Ω–µ—Ç–∞,"–†–µ—Å–ø—É–±–ª–∏–∫–∞ –ë–∞—à–∫–æ—Ä—Ç–æ—Å—Ç–∞–Ω, –£—Ñ–∞, —É–ª–∏—Ü–∞ –≠–Ω—Ç—É–∑–∏–∞—Å—Ç–æ–≤, 20",5,–¢–æ—Ä–≥–æ–≤—ã–π —Ü–µ–Ω—Ç—Ä;–†–∞–∑–≤–ª–µ–∫–∞—Ç–µ–ª—å–Ω—ã–π —Ü–µ–Ω—Ç—Ä,"–û—Ç–ª–∏—á–Ω—ã–π —Ç–æ—Ä–≥–æ–≤—ã–π —Ü–µ–Ω—Ç—Ä, —Å –æ–≥—Ä–æ–º–Ω—ã–º –≤—ã–±–æ—Ä–æ–º –±—É—Ç–∏–∫–æ–≤ –∏ –∫–∞—Ñ–µ. –ù–∞ –ª—é–±–æ–π –≤–∫—É—Å –∏ –∫–æ—à–µ–ª—ë–∫. –£–¥–æ–±–Ω—ã–π –ø–æ–¥—ä–µ–∑–¥, –ø–∞—Ä–∫–æ–≤–∫–∞. –†–µ–∫–æ–º–µ–Ω–¥—É—é –¥–ª—è –ø–æ—Å–µ—â–µ–Ω–∏—è."
5758,0,POSITIVE,5758,–ü–ª–∞–Ω–µ—Ç–∞,"–†–µ—Å–ø—É–±–ª–∏–∫–∞ –ë–∞—à–∫–æ—Ä—Ç–æ—Å—Ç–∞–Ω, –£—Ñ–∞, —É–ª–∏—Ü–∞ –≠–Ω—Ç—É–∑–∏–∞—Å—Ç–æ–≤, 20",4,–¢–æ—Ä–≥–æ–≤—ã–π —Ü–µ–Ω—Ç—Ä;–†–∞–∑–≤–ª–µ–∫–∞—Ç–µ–ª—å–Ω—ã–π —Ü–µ–Ω—Ç—Ä,"–ñ–∏–≤—É —Ä—è–¥–æ–º —Å –¢—Ü –ø–ª–∞–Ω–µ—Ç–∞. –ü—Ä–µ–∫—Ä–∞—Å–Ω—ã–π —Ü–µ–Ω—Ç—Ä –¥–ª—è –≤—Å–µ–π —Å–µ–º—å–∏. –í—Å–µ –Ω–µ–æ–±—Ö–æ–¥–∏–º–æ–µ –º–æ–∂–Ω–æ –∫—É–ø–∏—Ç—å: –∏ –≤–µ—â–∏ –∫–∞–∫ –¥–ª—è –¥–µ—Ç–µ–π, —Ç–∞–∫ –∏ –¥–ª—è –≤–∑—Ä–æ—Å–ª—ã—Ö, —Ç–µ—Ö–Ω–∏–∫—É –∏ —Ç. –î. –ú–æ–∂–Ω–æ –Ω–∞ - 1 —ç—Ç–∞–∂–µ –≤–∫—É—Å–Ω–æ –ø–æ–µ—Å—Ç—å: –±–ª–∏–Ω—á–∏–∫–∏ —Å —Ä–∞–∑–Ω–æ–π –Ω–∞—á–∏–Ω–∫–æ–π, –ø–µ—á–µ–Ω—ã–π –∫–∞—Ä—Ç–æ—Ñ–µ–ª—å, –ø–∏—Ü—Ü–∞ –∏ –¥—Ä—É–≥–æ–µ. –†—è–¥–æ–º –º–∞–≥–∞–∑–∏–Ω –õ–µ—Ä—É–∞ –∏ –û, –∫–µ–π. –û—Å—Ç–∞–Ω–æ–≤–∫–∞ —É–¥–æ–±–Ω–∞—è, –æ–¥–Ω–∞–∫–æ –≤ —Ü–µ–Ω—Ç—Ä –ø—Ä–æ–±–ª–µ–º–Ω–æ —É–µ—Ö–∞—Ç—å, 75 –∞–≤—Ç–æ–±—É—Å –Ω–µ –∏–¥–µ—Ç"
5759,0,POSITIVE,5759,–ü–ª–∞–Ω–µ—Ç–∞,"–†–µ—Å–ø—É–±–ª–∏–∫–∞ –ë–∞—à–∫–æ—Ä—Ç–æ—Å—Ç–∞–Ω, –£—Ñ–∞, —É–ª–∏—Ü–∞ –≠–Ω—Ç—É–∑–∏–∞—Å—Ç–æ–≤, 20",5,–¢–æ—Ä–≥–æ–≤—ã–π —Ü–µ–Ω—Ç—Ä;–†–∞–∑–≤–ª–µ–∫–∞—Ç–µ–ª—å–Ω—ã–π —Ü–µ–Ω—Ç—Ä,"–ó–∞–º–µ—á–∞—Ç–µ–ª—å–Ω–æ–µ –º–µ—Å—Ç–æ –¥–ª—è –æ—Ç–¥—ã—Ö–∞ —Å —Å–µ–º—å—ë–π. –ú–æ–∂–Ω–æ —Å—Ö–æ–¥–∏—Ç—å –≤ –∞–∫–≤–∞–ø–∞—Ä–∫, –ø–æ –ø—É—Ç–∏ –¥–æ–º–æ–π –ø—Ä–∏–æ–¥–µ—Ç—å –¥–µ—Ç–µ–π –∫ —à–∫–æ–ª–µ, –æ—á–µ–Ω—å –±–æ–ª—å—à–æ–π –≤—ã–±–æ—Ä —à–∫–æ–ª—å–Ω–æ–π –æ–¥–µ–∂–¥—ã, –≤ –∑–æ–Ω–µ —Ñ—É–¥–∫–æ—Ä—Ç–µ —Ö–æ—á–µ—Ç—Å—è –æ—Ç–º–µ—Ç–∏—Ç—å –∫–∞—Ñ–µ ""–ú–∏—Ä —Å—É–ø–∞"", –æ—á–µ–Ω—å –≤–∫—É—Å–Ω–æ –∏ —Å—ã—Ç–Ω–æ"
5760,0,POSITIVE,5760,–ü–ª–∞–Ω–µ—Ç–∞,"–†–µ—Å–ø—É–±–ª–∏–∫–∞ –ë–∞—à–∫–æ—Ä—Ç–æ—Å—Ç–∞–Ω, –£—Ñ–∞, —É–ª–∏—Ü–∞ –≠–Ω—Ç—É–∑–∏–∞—Å—Ç–æ–≤, 20",5,–¢–æ—Ä–≥–æ–≤—ã–π —Ü–µ–Ω—Ç—Ä;–†–∞–∑–≤–ª–µ–∫–∞—Ç–µ–ª—å–Ω—ã–π —Ü–µ–Ω—Ç—Ä,"–û—á–µ–Ω—å —Ö–æ—Ä–æ—à–µ–µ –º–µ—Å—Ç–æ, –º–Ω–æ–≥–æ —á—Ç–æ –µ—Å—Ç—å –∏ –¥–ª—è –¥–µ—Ç–µ–π —á—Ç–æ –æ—á–µ–Ω—å —É–¥–æ–±–Ω–æ, –∞–∫–≤–∞–ø–∞—Ä–∫, –±–∞—Ç—É—Ç–Ω—ã–π —Ü–µ–Ω—Ç—Ä, –∏–≥—Ä–æ–≤—ã–µ –∞–≤—Ç–æ–º–∞—Ç—ã (–Ω–µ –Ω–∞ –¥–µ–Ω—å–≥–∏) –¥–µ—Ç—Å–∫–∏–µ —Ö–æ—Ä–æ—à–∏–µ –¥–µ—Ç—Å–∫–∞—è –ø–ª–æ—à–∞–¥–∫–∞ —Å –º—è–≥–∫–∏–º–∏ —à–∞—Ä–∞–º–∏ –¥–µ—Ç—Å–∫–∏–µ –∫–∞—Ñ–µ, –º–∞–≥–∞–∑–∏–Ω—ã –æ–¥–µ–∂–¥—ã, –∏–≥—Ä—É—à–µ–∫, –º–æ—Ä–æ–∂–µ–Ω–Ω–æ–µ,  –Ω–æ –≤—ã –≤—Å–µ –∑–Ω–∞–µ—Ç–µ —Ç—É—Ç –≤—Å—ë –Ω–∞ –≤—ã—Å–æ—Ç–µ, —Ç—É–∞–ª–µ—Ç—ã, –ø–æ–¥–∑–∞—Ä—è–¥–∫–∏ –¥–ª—è —Ç–µ–ª–µ—Ñ–æ–Ω–æ–≤, —Ç–µ—Ä–º–∏–Ω–∞–ª—ã –≤—Å—ë –±–µ—Å–ø–ª–∞—Ç–Ω–æ —Ä–µ–∫–æ–º–µ–Ω–¥—É—é"
9696,1,POSITIVE,9696,–ü–ª–∞–Ω–µ—Ç–∞,"–ß–µ–ª—è–±–∏–Ω—Å–∫–∞—è –æ–±–ª–∞—Å—Ç—å, —Å–µ–ª–æ –í–∞—Ä–Ω–∞, –°–æ–≤–µ—Ç—Å–∫–∞—è —É–ª–∏—Ü–∞, 125",5,–î–æ–º –∫—É–ª—å—Ç—É—Ä—ã,"–û—á–µ–Ω—å –ø–æ–Ω—Ä–∞–≤–∏–ª—Å—è –∫–∏–Ω–æ—Ç–µ–∞—Ç—Ä, –∏ —Å–∞–º –¥–æ–º –∫—É–ª—å—Ç—É—Ä—ã. –û—á–µ–Ω—å —É–¥–æ–±–Ω—ã–µ –º–µ—Å—Ç–∞ –æ–∂–∏–¥–∞–Ω–∏—è, –≤—Å–µ –ø—Ä–∏–±—Ä–∞–Ω–æ –∏ –∞–∫–∫—É—Ä–∞—Ç–Ω–æ, –≤–µ–∂–ª–∏–≤—ã–π –ø–µ—Ä—Å–æ–Ω–∞–ª. –û–±—è–∑–∞—Ç–µ–ª—å–Ω–æ –µ—â–µ –ø—Ä–∏–µ–¥–µ–º)"
15893,-1,POSITIVE,15893,–ü–ª–∞–Ω–µ—Ç–∞,"–í–æ–ª–æ–≥–æ–¥—Å–∫–∞—è –æ–±–ª–∞—Å—Ç—å, –ß–µ—Ä–µ–ø–æ–≤–µ—Ü, —É–ª–∏—Ü–∞ –ú–æ–Ω—Ç–∫–ª–µ—Ä, 17–ê",5,–ì–æ—Å—Ç–∏–Ω–∏—Ü–∞,"–ß–∏—Å—Ç—ã–µ –Ω–æ–º–µ—Ä–∞, –¥–æ–±—Ä–æ–∂–µ–ª–∞—Ç–µ–ª—å–Ω—ã–π –ø–µ—Ä—Å–æ–Ω–∞–ª. –†–µ–∫–æ–º–µ–Ω–¥—É—é! \n–ü—Ä–∏–µ–∑–∂–∞–µ–º —É–∂–µ –≤—Ç–æ—Ä–æ–π —Ä–∞–∑, –±–µ–∑ –ø—Ä–æ–±–ª–µ–º –∑–∞—Å–µ–ª–∏–ª–∏ —Å —Å–æ–±–∞–∫–∞–º–∏. –ó–∞–≤—Ç—Ä–∞–∫–∏ –≤—Ö–æ–¥—è—Ç –≤ —Å—Ç–æ–∏–º–æ—Å—Ç—å, –∫–∞—Ñ–µ –Ω–∞ –ø–µ—Ä–≤–æ–º —ç—Ç–∞–∂–µ, –∫–æ—Ä–º—è—Ç –≤–∫—É—Å–Ω–æ. "
23410,0,POSITIVE,23410,–ü–ª–∞–Ω–µ—Ç–∞,"–ö—Ä–∞—Å–Ω–æ–¥–∞—Ä—Å–∫–∏–π –∫—Ä–∞–π, –ê–Ω–∞–ø–∞, –ü–∏–æ–Ω–µ—Ä—Å–∫–∏–π –ø—Ä–æ—Å–ø–µ–∫—Ç, 11",5,–î–µ—Ç—Å–∫–∏–π –ª–∞–≥–µ—Ä—å –æ—Ç–¥—ã—Ö–∞,"–û—á–µ–Ω—å —Ö–æ—Ä–æ—à–∏–π –¥–µ—Ç—Å–∫–∏–π –ª–∞–≥–µ—Ä—å. –ú–æ–π —Ä–µ–±—ë–Ω–æ–∫ –µ–∑–¥–∏–ª 3 —Ä–∞–∑–∞, –∏ –ø—Ä–æ—Å–∏—Ç—Å—è –µ—â—ë. –û—á–µ–Ω—å –¥–æ–º–∞—à–Ω–∏–π, –Ω–µ–±–æ–ª—å—à–æ–µ –∫–æ–ª–∏—á–µ—Å—Ç–≤–æ –¥–µ—Ç–µ–π –≤ –æ—Ç—Ä—è–¥–∞—Ö. –ú–æ–ª–æ–¥—ã–µ –∏ –∑–∞–∏–Ω—Ç–µ—Ä–µ—Å–æ–≤–∞–Ω–Ω—ã–µ —Å–≤–æ–∏–º –¥–µ–ª–æ–º –≤–æ–∂–∞—Ç—ã–µ, –∫–æ—Ç–æ—Ä—ã–µ –ø—Ä–æ—Ö–æ–¥—è—Ç –ø–æ–¥–≥–æ—Ç–æ–≤–∫—É. –¢–µ—Ä—Ä–∏—Ç–æ—Ä–∏—è –Ω–µ–±–æ–ª—å—à–∞—è, –Ω–æ —É–¥–æ–±–Ω–∞—è, –±–µ–∑–æ–ø–∞—Å–Ω–æ. –ú–æ—Ä–µ, —Å–æ–±—Å—Ç–≤–µ–Ω–Ω—ã–π –ø–ª—è–∂ –∏ –µ–∂–µ–¥–Ω–µ–≤–Ω–æ–µ –¥–≤—É—Ö—Ä–∞–∑–æ–≤–æ–µ –ø–æ—Å–µ—â–µ–Ω–∏–µ –æ–±—è–∑–∞—Ç–µ–ª—å–Ω–æ. –ü–∏—Ç–∞–Ω–∏–µ —Ö–æ—Ä–æ—à–µ–µ, –ù–∞–µ–¥–∞–ª–∏—Å—å. –ù–∞ —Ç–µ—Ä—Ä–∏—Ç–æ—Ä–∏–∏ –Ω–µ—Ç –ø–∞–ª–∞—Ç–æ–∫, —Ç–æ–ª—å–∫–æ –ø–∏—Ç–∞–Ω–∏–µ –≤ —Å—Ç–æ–ª–æ–≤–æ–π, –ø—è—Ç–∏—Ä–∞–∑–æ–≤–æ–µ. –ö–æ–º–Ω–∞—Ç—ã —Ä–∞–∑–Ω—ã–µ –∏ –Ω–∞ —Ä–∞–∑–Ω–æ–µ –∫–æ–ª–∏—á–µ—Å—Ç–≤–æ –¥–µ—Ç–µ–π, –∂–∞–ª–æ–± –Ω–µ –±—ã–ª–æ. –û—á–µ–Ω—å –º–Ω–æ–≥–æ —Ä–∞–∑–Ω—ã—Ö –∞–∫—Ç–∏–≤–Ω–æ—Å—Ç–µ–π, –ø—Ä–∞–∑–¥–Ω–∏–∫–æ–≤, –¥–µ—Ç–∏ –∑–∞–Ω—è—Ç—ã –ø–æ—Å—Ç–æ—è–Ω–Ω–æ! –¢–µ–ª–µ—Ñ–æ–Ω –≤—ã–¥–∞—é—Ç —Ä–∞–∑ –≤ –¥–µ–Ω—å –¥–ª—è –∑–≤–æ–Ω–∫–æ–≤. –ú–æ–∂–Ω–æ –Ω–∞–ø–∏—Å–∞—Ç—å –∑–∞—è–≤–ª–µ–Ω–∏–µ –∏ —Ç–µ–ª–µ—Ñ–æ–Ω –æ—Ç–¥–∞–¥—É—Ç —Å–æ–≤—Å–µ–º, –Ω–æ –ø–æ–ª—å–∑–æ–≤–∞—Ç—å—Å—è –∏–º –±—É–¥–µ—Ç –Ω–µ–∫–æ–≥–¥–∞. –í –æ–±—â–µ–º, –ü–ª–∞–Ω–µ—Ç–∞, —ç—Ç–æ –Ω–∞—Å—Ç–æ—è—â–∏–π –¥–µ—Ç—Å–∫–∏–π –º–∏—Ä! –ú–æ—è –¥–æ—á–∫–∞ —Å–æ —Å–ª–µ–∑–∞–º–∏ –≥—Ä—É—Å—Ç–∏ –≤—Å–ø–æ–º–∏–Ω–∞–µ—Ç –ª–∞–≥–µ—Ä—å, —Å–∫—É—á–∞–µ—Ç –ø–æ –¥—Ä—É–∑—å—è–º –∏ –æ—Ç–Ω–æ—à–µ–Ω–∏—é, –ø—Ä–∞–∑–¥–Ω–∏–∫–∞–º. –†–µ–∫–æ–º–µ–Ω–¥—É—é —ç—Ç–æ –º–µ—Å—Ç–æ –¥–ª—è –≤–∞—à–µ–≥–æ —Ä–µ–±—ë–Ω–∫–∞ –æ–¥–Ω–æ–∑–Ω–∞—á–Ω–æ!"
23411,0,POSITIVE,23411,–ü–ª–∞–Ω–µ—Ç–∞,"–ö—Ä–∞—Å–Ω–æ–¥–∞—Ä—Å–∫–∏–π –∫—Ä–∞–π, –ê–Ω–∞–ø–∞, –ü–∏–æ–Ω–µ—Ä—Å–∫–∏–π –ø—Ä–æ—Å–ø–µ–∫—Ç, 11",5,–î–µ—Ç—Å–∫–∏–π –ª–∞–≥–µ—Ä—å –æ—Ç–¥—ã—Ö–∞,"–†–µ–±—ë–Ω–æ–∫ –≤ –≤–æ—Å—Ç–æ—Ä–≥–µ –æ—Ç –ª–∞–≥–µ—Ä—è, –æ—Ç –≤–æ–∂–∞—Ç—ã—Ö –∏ –æ—Ç –∞—Ç–º–æ—Å—Ñ–µ—Ä—ã –ª–∞–≥–µ—Ä—è –≤ —Ü–µ–ª–æ–º. –¢–µ–ª–µ—Ñ–æ–Ω—ã? –ö–∞–∫–∏–µ —Ç–µ–ª–µ—Ñ–æ–Ω—ã, —Ç—É—Ç –º–Ω–æ–≥–æ –≤—Å–µ–≥–æ –∏–Ω—Ç–µ—Ä–µ—Å–Ω–æ–≥–æ, —Ç–æ –º–∞—Å—Ç–µ—Ä –∫–ª–∞—Å—Å—ã, —Ç–æ –º–æ—Ä–µ, —Ç–æ –ø—Ä–æ—Å—Ç–æ —Ä–∞–∑–Ω—ã–µ —Ä–∞–∑–≤–ª–µ—á–µ–Ω–∏—è. –î–µ—Ç–∏ –∑–∞–Ω—è—Ç—ã —á–µ–º-—Ç–æ –∏–Ω—Ç–µ—Ä–µ—Å–Ω—ã–º –ø–æ—Å—Ç–æ—è–Ω–Ω–æ..... –ö–∞–∫–∞—è —Ñ–∞–Ω–∏–∞–∑–∏—è, –ø—Ä–æ—Å—Ç–æ –¥–∏–≤—É –¥–∞—é—Å—å –∏ –Ω–∞ –≥–∏—Ç–∞—Ä–µ –∏–º –∏–≥—Ä–∞–ª–∏, –∏ —Ç–µ–º–∞—Ç–∏—á–µ—Å–∫–∏–µ –≤–µ—á–µ—Ä–∏–Ω–∫–∏, –∏ –º–æ–¥–Ω—ã–π –ø—Ä–∏–≥–æ–≤–æ—Ä —É—Å—Ç—Ä–∞–∏–≤–∞–ª–∏, –∏ —Å–ø–æ—Ä—Ç–∏–≤–Ω—ã–µ —Å–æ—Ä–µ–≤–Ω–æ–≤–∞–Ω–∏—è. –ü–∏—Ç–∞–Ω–∏–µ —Ä–∞–∑–Ω–æ–æ–±—Ä–∞–∑–Ω–æ–µ, –ø–æ—Ä—Ü–∏–∏ –±–æ–ª—å—à–∏–µ. –ü–æ—Ö–æ–¥—ã –Ω–∞ –º–æ—Ä–µ –æ–±—è–∑–∞—Ç–µ–ª—å–Ω—ã, –µ—Å–ª–∏ –≤–æ–ª–Ω—ã –∏ –∫—É–ø–∞—Ç—å—Å—è –Ω–µ–ª—å–∑—è, —Ç–æ –≥—É–ª—è—é—Ç –≤–¥–æ–ª—å –±–µ—Ä–µ–≥–∞, —Ç–µ–º —Å–∞–º—ã–º –¥—ã—à–∞—Ç—å –º–æ—Ä—é—à–∫–æ–º –≤—Å–µ —Ä–∞–≤–Ω–æ. –í—Å–µ–≥–¥–∞ –≤ –≥—Ä—É–ø–ø–µ –≤ –í–∫ –º–Ω–æ–≥–æ —Ñ–æ—Ç–æ–≥—Ä–∞—Ñ–∏–π –∏ –≤–∏–¥–µ–æ, —É—Å—Ç—Ä–∞–∏–≤–∞–ª–∏ –¥–∞–∂–µ –æ—Ç—Ä—è–¥–Ω—ã–µ —Ñ–æ—Ç–æ—Å–µ—Å—Å–∏–∏. –í —Å—Ä–∞–≤–Ω–µ–Ω–∏–µ: –æ–¥–Ω–æ–≤—Ä–µ–º–µ–Ω–Ω–æ —Å –º–æ–∏–º —Å—ã–Ω–æ–º, –¥–µ—Ç–∏ –ø–æ–¥—Ä—É–≥–∏ –±—ã–ª–∏ –≤ –¥—Ä—É–≥–æ–º –ª–∞–≥–µ—Ä–µ, —Ç–æ–∂–µ –≤ –ê–Ω–∞–ø–µ, —Ç–æ–∂–µ –Ω–∞ —ç—Ç–æ–º –ø—Ä–æ—Å–ø–µ–∫—Ç–µ..... –°–∫–∞–∑–∞–ª–∏ —Å–∫—É—á–Ω–æ –∏ —á–µ—Ä–µ–∑ –Ω–µ–¥–µ–ª—é –Ω–∞—á–∞–ª–∏ –ø—Ä–æ—Å–∏—Ç—å—Å—è –¥–æ–º–æ–π. –¢–∞–∫ —á—Ç–æ –ø–æ–Ω–∏–º–∞—é, —á—Ç–æ –≤—ã–±–æ—Ä–∞ –ª–∞–≥–µ—Ä—è –Ω–∞ —Å–ª–µ–¥—É—é—â–∏–π –≥–æ–¥ —Ç–æ—á–Ω–æ –Ω–µ —Å—Ç–æ–∏—Ç, –ø—Ä–∏–µ–¥–µ–º —Ç–∞–∫ –∂–µ –≤ –ª—é–±–∏–º—É—é ""–ü–ª–∞–Ω–µ—Ç–∞"".\n–û–≥—Ä–æ–º–Ω–∞—è –±–ª–∞–≥–æ–¥–∞—Ä–Ω–æ—Å—Ç—å –ø–µ—Ä—Å–æ–Ω–∞–ª—É –∑–∞ –ø—Ä–µ–∫—Ä–∞—Å–Ω—ã–π –¥–æ—Å—É–≥ –∏ –æ—Ç–¥—ã—Ö —Å—ã–Ω–∞! –û—Ç–¥—ã—Ö 2—è —Å–º–µ–Ω–∞ –∏—é–Ω—å-–∏—é–ª—å.\n–õ—é–¥–∏, –∫–æ—Ç–æ—Ä—ã–µ –ø–∏—à—É—Ç –ø–ª–æ—Ö–∏–µ –æ—Ç–∑—ã–≤—ã, –Ω–µ —É—á–∏—Ç—ã–≤–∞—é—Ç –æ–¥–Ω–æ–≥–æ, —á—Ç–æ –∑–∞–≤–∏—Å–∏—Ç –Ω–µ —Ç–æ–ª—å–∫–æ –æ—Ç –ª–∞–≥–µ—Ä—è, –Ω–æ –∏ –æ—Ç –Ω–∞—Å—Ç—Ä–æ–µ–Ω–∏—è/ –ø–æ–≤–µ–¥–µ–Ω–∏—è —Ä–µ–±—ë–Ω–∫–∞ –∏ –æ—Ç –≤–æ–∂–∞—Ç—ã—Ö. –í–æ–∂–∞—Ç—ã–µ - —ç—Ç–æ —Å—Ç—É–¥–µ–Ω—Ç—ã –ø–µ–¥–æ–≥–∞–≥–∏—á–µ—Å–∫–∏—Ö –≤—É–∑–æ–≤, –∫–æ—Ç–æ—Ä—ã–µ –ø—Ä–æ—Ö–æ–¥—è—Ç –ø—Ä–∞–∫—Ç–∏–∫—É... –ê —Ç—É—Ç —á–µ–ª–æ–≤–µ—á–µ—Å–∫–∏–π —Ñ–∞–∫—Ç–æ—Ä –Ω–∏–∫—Ç–æ –Ω–µ –æ—Ç–º–µ–Ω—è–ª: –∫—Ç–æ-—Ç–æ —Å–µ—Ä—å—ë–∑–Ω–æ   —Å –ª—é–±–æ–≤—å—é –∏ —Ñ–∞–Ω—Ç–∞–∑–∏–µ–π –ø–æ–¥—Ö–æ–¥—è—Ç –∫ —Ä–∞–±–æ—Ç–µ, –∞ —Ç–æ—Ç –≥–µ–æ—á–µ–Ω—å. –ù–æ —Å—É–¥—è –ø–æ –¥–æ–≤–æ–ª—å–Ω—ã–º –ª–∏—Ü–∞–º –¥–µ—Ç–µ–π –≤ –≥—Ä—É–ø–ø–µ –≤ –≤–∫, –≤—Å–µ –∑–∞–µ–∑–¥—ã –±—ã–ª–∏ –æ—á–µ–Ω—å —Å—á–∞—Å—Ç–ª–∏–≤—ã.\n–ï—â—ë —Ä–∞–∑ —Å–ø–∞—Å–∏–±–æ –∑–∞ –ø—Ä–µ–∫—Ä–∞—Å–Ω—ã–π –æ—Ç–¥—ã—Ö! –î–æ —Å–ª–µ–¥—É—é—â–µ–≥–æ –ª–µ—Ç–∞ üôÇ"
33669,0,NEUTRAL,33669,–ü–ª–∞–Ω–µ—Ç–∞,"–†–µ—Å–ø—É–±–ª–∏–∫–∞ –ú–∞—Ä–∏–π –≠–ª, –ô–æ—à–∫–∞—Ä-–û–ª–∞, —É–ª–∏—Ü–∞ –ë–∞—É–º–∞–Ω–∞, 16",4,–¢–æ—Ä–≥–æ–≤—ã–π —Ü–µ–Ω—Ç—Ä,"–ù–æ—Ä–º–∞–ª—å–Ω—ã–π –¢–¶. –ù–æ –µ—Å—Ç—å —Ç–∞–º –Ω–∞ 1-—ç—Ç–∞–∂–µ –æ—Ñ–∏—Å –ú–¢–°  —Å –±–µ–∑–≥—Ä–∞–º–æ—Ç–Ω—ã–º–∏ —Å–æ—Ç—Ä—É–¥–Ω–∏–∫–∞–º–∏. –î–µ–≤–æ—á–∫–∞, –≤–æ–∑–º–æ–∂–Ω–æ, –Ω–æ–≤–µ–Ω—å–∫–∞—è, —Å–ø—Ä–æ—Å–∏–ª–∞ —É –Ω–∞–ø–∞—Ä–Ω–∏–∫–∞ –ø–æ –ø–æ–≤–æ–¥—É –º–æ–µ–≥–æ –≤–æ–ø—Ä–æ—Å–∞, –∞ —Ç–æ—Ç –ø–∞—Ä–Ω–∏—à–∞ —Å–ª–∞—â–∞–≤—ã–π, –≤–æ–ª–æ—Å—ã –∑–∞–ª–∏–∑–∞–Ω—ã —Ä–∞—Å—Ç–∏—Ç–µ–ª—å–Ω—ã–º –º–∞—Å–ª–æ–º, –±–ª–µ—Å—Ç—è—Ç –∫–∞–∫ –∫–∏—Ä–∑–∞–≤—ã–π —Å–∞–ø–æ–≥ –ø–æ—Å–ª–µ –∫—Ä–µ–º–∞, –æ–¥–Ω–∏–º —Å–ª–æ–≤–æ–º - —Ä—É–º—ã–Ω. –û—Ç—Ñ—É—Ç–±–æ–ª–∏–ª –º–µ–Ω—è, –º–æ–ª —Ç–∞–∫–∏–µ —É—Å–ª—É–≥–∏ –¢–û–õ–¨–ö–û —á–µ—Ä–µ–∑ –≥–æ—Å—É—Å–ª—É–≥–∏. –ß—É—Ç—å –ø–æ–∑–∂–µ –∑–∞—à—ë–ª —è –≤ –¥—Ä—É–≥–æ–π –æ—Ñ–∏—Å –ú–¢–° —Ç–∞–º –¥–µ–≤–æ—á–∫–∞ –±–µ–∑ –ª–∏—à–Ω–∏—Ö —Å–ª–æ–≤ –æ—Ñ–æ—Ä–º–∏–ª–∞ –º–Ω–µ –≤—Å—ë –Ω–∞ –º–µ—Å—Ç–µ –ø–æ –ø–∞—Å–ø–æ—Ä—Ç—É –∏ –±–µ–∑ –≤—Å—è–∫–∏—Ö –≥–æ—Å—É—Å–ª—É–≥."
33670,0,POSITIVE,33670,–ü–ª–∞–Ω–µ—Ç–∞,"–†–µ—Å–ø—É–±–ª–∏–∫–∞ –ú–∞—Ä–∏–π –≠–ª, –ô–æ—à–∫–∞—Ä-–û–ª–∞, —É–ª–∏—Ü–∞ –ë–∞—É–º–∞–Ω–∞, 16",5,–¢–æ—Ä–≥–æ–≤—ã–π —Ü–µ–Ω—Ç—Ä,"–£–¥–æ–±–Ω–æ–µ —Ä–∞—Å–ø–æ–ª–æ–∂–µ–Ω–∏–µ –¢–¶. –ë–æ–ª—å—à–∞—è –ø–∞—Ä–∫–æ–≤–∫–∞. –ú–Ω–æ–∂–µ—Å—Ç–≤–æ –º–∞–≥–∞–∑–∏–Ω–æ–≤. –ï—Å—Ç—å —Ç—É–∞–ª–µ—Ç. –ú–æ–±–∏–ª—å–Ω—ã–µ –æ–ø–µ—Ä–∞—Ç–æ—Ä—ã, —é–≤–µ–ª–∏—Ä–Ω—ã–µ –º–∞–≥–∞–∑–∏–Ω—ã, —Ç–æ–≤–∞—Ä—ã –¥–ª—è –∂–∏–≤–æ—Ç–Ω—ã—Ö, –æ–¥–µ–∂–¥–∞, –ø–∞—Ä—Ñ—é–º–µ—Ä–∏—è, —Å—É–º–∫–∏, –≥–æ–ª–æ–≤–Ω—ã–µ —É–±–æ—Ä—ã, —ç–ª–µ–∫—Ç—Ä–æ–Ω–∏–∫–∞."
33671,0,POSITIVE,33671,–ü–ª–∞–Ω–µ—Ç–∞,"–†–µ—Å–ø—É–±–ª–∏–∫–∞ –ú–∞—Ä–∏–π –≠–ª, –ô–æ—à–∫–∞—Ä-–û–ª–∞, —É–ª–∏—Ü–∞ –ë–∞—É–º–∞–Ω–∞, 16",5,–¢–æ—Ä–≥–æ–≤—ã–π —Ü–µ–Ω—Ç—Ä,"–ë–ª–∏–∑–∫–æ –∫ —Ç–µ–º, –∫—Ç–æ –∂–∏–≤–µ—Ç –≤ –º–∏–∫—Ä–æ—Ä–∞–π–æ–Ω–µ –ì–æ–º–∑–æ–≤–æ , —Ç–∞–∫–∂–µ —Ä—è–¥–æ–º –µ—Å—Ç—å –æ—Å—Ç–∞–Ω–æ–≤–∫–∞. –í –º–∞–≥–∞–∑–∏–Ω–µ —á–∏—Å—Ç–æ , –µ—Å—Ç—å –º–Ω–æ–≥–∏–µ –ª—é–±–∏–º—ã–µ –æ—Ç–¥–µ–ª—ã (–æ—Å–æ–±–µ–Ω–Ω–æ –Ω—Ä–∞–≤–∏—Ç—Å—è –º–∞–≥–∞–∑–∏–Ω —Ñ–∞–Ω–¥–µ–π) , —Ç–∞–∫–∂–µ –µ—Å—Ç—å –∑–æ–Ω–∞ –≥–¥–µ –ø–æ–∫—É—à–∞—Ç—å )"
57047,1,POSITIVE,57047,–ü–ª–∞–Ω–µ—Ç–∞,"–ò—Ä–∫—É—Ç—Å–∫, —É–ª–∏—Ü–∞ –†–æ–∑—ã –õ—é–∫—Å–µ–º–±—É—Ä–≥, 144",5,–ì–æ—Å—Ç–∏–Ω–∏—Ü–∞,–û—Ç–ª–∏—á–Ω–æ–µ –º–µ—Å—Ç–æ –¥–ª—è –∂–∏–ª—å—è –µ—Å–ª–∏ –≤ –∫–æ–º–∞–Ω–¥–∏—Ä–æ–≤–∫–µ –∏–ª–∏ –æ—Ç–æ—Å–ø–∞—Ç—å—Å—è –ø–æ—Å–ª–µ –¥–ª–∏–Ω–Ω–æ–π –¥–æ—Ä–æ–≥–∏. –ß–∏—Å—Ç–æ —Å–≤–µ—Ç–ª–æ –∏ —É—é—Ç–Ω–æ. –î–æ–±—Ä–æ–∂–µ–ª–∞—Ç–µ–ª—å–Ω—ã–π –ø–µ—Ä—Å–æ–Ω–∞–ª)))
63746,0,NEGATIVE,63746,–ü–ª–∞–Ω–µ—Ç–∞,"–°–∞–º–∞—Ä–∞, —É–ª–∏—Ü–∞ 22 –ü–∞—Ä—Ç—Å—ä–µ–∑–¥–∞, 26",1,–ú–∞–≥–∞–∑–∏–Ω –æ–¥–µ–∂–¥—ã;–ú–∞–≥–∞–∑–∏–Ω –¥–µ—Ç—Å–∫–æ–π –æ–¥–µ–∂–¥—ã;–ú–∞–≥–∞–∑–∏–Ω –æ–±—É–≤–∏,"–ù–µ —Ö–æ–¥–∏—Ç–µ –≤ —É–∂–∞—Å–Ω—ã–π –º–∞–≥–∞–∑–∏–Ω –ø–ª–∞–Ω–µ—Ç–∞ –æ–¥–µ–∂–¥—ã –∏ –æ–±—É–≤–∏ –ø–æ —ç—Ç–æ–º—É –∞–¥—Ä–µ—Å—É. –ú–∞–≥–∞–∑–∏–Ω –º–∞–ª–µ–Ω—å–∫–∏–π,–Ω–µ —Ä–∞–∑–≤–µ—Ä–Ω—É—Ç—Å—è –∏ –∑–∞ –≤–∞–º–∏ –ø–æ—Å—Ç–æ—è–Ω–Ω–æ —Ö–æ–¥—è—Ç,–ø—Ä—è–º –≤ —É—Ö–æ –¥—ã—à–∞—Ç,–¥—É–º–∞—è —á—Ç–æ –≤—ã —á—Ç–æ-—Ç–æ —É–∫—Ä–∞–¥–µ—Ç–µ,–æ—á–µ–Ω—å –Ω–µ–ø—Ä–∏—è—Ç–Ω–æ. –°—Ç–æ–∏—à—å —Å–º–æ—Ç—Ä–∏—à—å,–≤—ã–±–∏—Ä–∞–µ—à—å –æ–¥–µ–∂–¥—É –∏ –∑–∞ —Ç–æ–±–æ–π  –∫–∞–∫ —Ç–µ–Ω–∏ —Ö–æ–¥—è—Ç,—á—Ç–æ–±—ã —Ç—ã –Ω–∏—á–µ–≥–æ –Ω–µ —É–∫—Ä–∞–ª,( –±—ã–ª–æ –±—ã —á—Ç–æ —Ç–∞–º –∫—Ä–∞—Å—Ç—å,–∫–∏—Ç–∞–π—Å–∫–∏–µ —Ç—Ä—è–ø–∫–∏ –Ω–∞ –æ–¥–∏–Ω —Å–µ–∑–æ–Ω) –µ—â–µ –±—ã –∑–∞ —Ä—É—á–∫—É –≤–æ–¥–∏–ª–∏ —Å–º–æ—Ç—Ä–µ—Ç—å —ç—Ç–æ –±–∞—Ä–∞—Ö–ª–æ. –û—á–µ–Ω—å –Ω–µ–ø—Ä–∏—è—Ç–Ω—ã–π –º–∞–≥–∞–∑–∏–Ω. –ù–µ —Ä–µ–∫–æ–º–µ–Ω–¥—É—é!!!"
63755,1,POSITIVE,63755,–ü–ª–∞–Ω–µ—Ç–∞,"–ü–µ—Ä–º—å, –ï–∫–∞—Ç–µ—Ä–∏–Ω–∏–Ω—Å–∫–∞—è —É–ª–∏—Ü–∞, 96",5,–¢—É—Ä–∞–≥–µ–Ω—Ç—Å—Ç–≤–æ;–ë—Ä–æ–Ω–∏—Ä–æ–≤–∞–Ω–∏–µ –≥–æ—Å—Ç–∏–Ω–∏—Ü;–ñ–µ–ª–µ–∑–Ω–æ–¥–æ—Ä–æ–∂–Ω—ã–µ –∏ –∞–≤–∏–∞–±–∏–ª–µ—Ç—ã,"–ú–Ω–æ–≥–æ –ª–µ—Ç –º–µ—á—Ç–∞–ª–∞ —Å—ä–µ–∑–¥–∏—Ç—å –∫—É–¥–∞-–Ω–∏–±—É–¥—å –≤ –æ—Ç–ø—É—Å–∫, –Ω–æ, —Ç–æ –¥–æ—Ä–æ–≥–æ, —Ç–æ –Ω–µ –≤–æ–≤—Ä–µ–º—è –ø–æ–¥—Ö–æ–¥—è—â–∏–µ –ø–æ –¥—Ä—É–≥–∏–º –ø–∞—Ä–∞–º–µ—Ç—Ä–∞–º –ø—É—Ç–µ–≤–∫–∏ –ø–æ–ø–∞–¥–∞—é—Ç—Å—è, —Ç–æ —Å–ª–∏—à–∫–æ–º –¥–∞–ª–µ–∫–æ –æ—Ç –º–æ—Ä—é—à–∫–∞... –î–æ–ª–≥–æ –º–µ—Ç–∞–ª–∞—Å—å, –∏—Å–∫–∞–ª–∞ —Å–∞–º–∞, –ø–æ–∫–∞ –Ω–µ –Ω–∞—à–ª–∞ –ì—É—Ä—É —Ç—É—Ä–∏–∑–º–∞- –§–ª—é—Ä—É. –û–Ω–∞ –º–æ–ª–Ω–∏–µ–Ω–æ—Å–Ω–æ –ø–æ–¥–æ–±—Ä–∞–ª–∞ –ø—É—Ç–µ–≤–∫—É –ø–æ –ø—Ä–∏–≤–ª–µ–∫–∞—Ç–µ–ª—å–Ω–æ–π —Ü–µ–Ω–µ –∏ –ø—Ä—è–º–æ –≤ –º–æ–π –æ—Ç–ø—É—Å–∫ –ø–æ –≥—Ä–∞—Ñ–∏–∫—É (–Ω–µ –ø—Ä–∏—à–ª–æ—Å—å —Å–æ–≥–ª–∞—Å–æ–≤—ã–≤–∞—Ç—å –ø–µ—Ä–µ–Ω–æ—Å). \n–ê —Å–∞–º–æ–µ –ø—Ä–∏—è—Ç–Ω–æ–µ –≤ —Ä–∞–±–æ—Ç–µ –§–ª—é—Ä—ã ‚Äî —ç—Ç–æ —Ç–æ, —á—Ç–æ –æ–Ω–∞ –∑–∞–±–æ—Ç–∏—Ç—Å—è –æ –º–µ–ª–æ—á–∞—Ö, –∫–∞–∫ —Ç–æ, —á—Ç–æ–± —Ç–µ–±—è –∑–∞–±—Ä–∞–ª–∏ –∏–∑ –∞—ç—Ä–æ–ø–æ—Ä—Ç–∞ –∏ –ø—Ä–∏–≤–µ–∑–ª–∏ –≤ –æ—Ç–µ–ª—å, –ø–æ—Ç–æ–º —É–≤–µ–∑–ª–∏ –æ–±—Ä–∞—Ç–Ω–æ, –æ–∫–æ—à–∫–∏ —á—Ç–æ–± –≤—ã—Ö–æ–¥–∏–ª–∏ –Ω–∞ —Ç—É —Å—Ç–æ—Ä–æ–Ω—É, –≥–¥–µ –ø—Ä–∏—è—Ç–Ω—ã–π –¥–ª—è —Ç–µ–±—è –≤–∏–¥, —á—Ç–æ–± –±—ã–ª –æ—Ç–µ–ª—å ""–ø–æ –∏–Ω—Ç–µ—Ä–µ—Å–∞–º"" (—Å–µ–º–µ–π–Ω—ã–π –∏–ª–∏ –¥–ª—è –º–æ–ª–æ–¥–µ–∂–∏) –∏ —Ç.–¥. –ö—Ä–æ–º–µ —ç—Ç–æ–≥–æ, –§–ª—é—Ä–∞ —Ä–∞—Å—Å–∫–∞–∑–∞–ª–∞ —Å—Ä–∞–∑—É, —á—Ç–æ –µ—Å—Ç—å —Ä—è–¥–æ–º –∏ –∫—É–¥–∞ –æ–±—è–∑–∞—Ç–µ–ª—å–Ω–æ –Ω—É–∂–Ω–æ —Å—Ö–æ–¥–∏—Ç—å (—Å—Ö–æ–¥–∏–ª–∞ ‚Äî –Ω–µ –ø–æ–∂–∞–ª–µ–ª–∞), –¥–∞–∂–µ –≥–¥–µ –º–æ–∂–Ω–æ –≤–∫—É—Å–Ω–æ –∏ –Ω–µ –¥–æ—Ä–æ–≥–æ –ø–µ—Ä–µ–∫—É—Å–∏—Ç—å.\n–í –æ–±—â–µ–º, –ø—É—Ç–µ—à–µ—Å—Ç–≤–æ–≤–∞—Ç—å –∫–ª–∞—Å—Å–Ω–æ —Å –ü–ª–∞–Ω–µ—Ç–æ–π –∏ –≤ –æ—Å–æ–±–µ–Ω–Ω–æ—Å—Ç–∏ —Å –§–ª—é—Ä–æ–π. 11/10"
63756,1,POSITIVE,63756,–ü–ª–∞–Ω–µ—Ç–∞,"–ü–µ—Ä–º—å, –ï–∫–∞—Ç–µ—Ä–∏–Ω–∏–Ω—Å–∫–∞—è —É–ª–∏—Ü–∞, 96",5,–¢—É—Ä–∞–≥–µ–Ω—Ç—Å—Ç–≤–æ;–ë—Ä–æ–Ω–∏—Ä–æ–≤–∞–Ω–∏–µ –≥–æ—Å—Ç–∏–Ω–∏—Ü;–ñ–µ–ª–µ–∑–Ω–æ–¥–æ—Ä–æ–∂–Ω—ã–µ –∏ –∞–≤–∏–∞–±–∏–ª–µ—Ç—ã,"–í 2022–≥. –°–æ–±—Ä–∞–ª—Å—è —Å —Å–µ–º—å—ë–π –≤ –¢—É—Ä—Ü–∏—é (—Å –≤—ã–ª–µ—Ç–æ–º –∏–∑ –ü–µ—Ä–º–∏) –≤ –∫–∞–∫–∏—Ö —Ç–æ–ª—å–∫–æ –∞–≥–µ–Ω—Å—Ç–≤–∞—Ö —è –Ω–µ –±—ã–ª, –≤–µ–∑–¥–µ —á—Ç–æ —Ç–æ –Ω–µ —Ç–∞–∫ (–≤ –¢—É—Ä—Ü–∏–∏ –≤—Å—ë –Ω—É–∂–Ω–æ –≤–Ω–∏–º–∞—Ç–µ–ª—å–Ω–æ –≤—ã–±–∏—Ä–∞—Ç—å, —Ç–æ –±–µ—Ä–µ–≥ —Å –∑–∞—Ö–æ–¥–æ–º –≤ –º–æ—Ä–µ –ê—Å—Ñ–∞–ª—å—Ç –∏–ª–∏ –±—É–ª—ã–∂–Ω–∏–∫–∏ —Å –º–µ–Ω—è —Ä–∞–∑–º–µ—Ä–æ–º –∏–ª–∏ –ø–æ –≥—Ä—è–∑–Ω–æ–º —Ç—É–Ω–Ω–µ–ª—é –¥–æ –º–æ—Ä—è –∏–¥—Ç–∏ –∏ —Ç. –¥.). –°–ª—É—á–∞–π–Ω–æ –∑–∞—à—ë–ª –≤ –ü–ª–∞–Ω–µ—Ç—É (–≤—ã—Å–ª—É—à–∞–ª–∏ —Å–ø–æ–∫–æ–π–Ω–æ, –∞ —è —É–∂–µ –±—ã–ª –Ω–∞ –Ω–µ—Ä–≤–∞—Ö) –º–Ω–µ —Å—Ä–∞–∑—É –ø—Ä–µ–¥–ª–æ–∂–∏–ª–∏ 4 –≤–∞—Ä–∏–∞–Ω—Ç–∞ –∫–æ—Ç–æ—Ä—ã–µ –≤—Å–µ –ø–æ–¥—Ö–æ–¥–∏–ª–∏ –∏ —É–∂–µ —è –≤—ã–±–∏—Ä–∞–ª. –ü–æ—Å–ª–µ –æ—Ç–¥—ã—Ö–∞ –º–Ω–µ –∑–≤–æ–Ω–∏–ª–∏ –∏ –∏–Ω—Ç–µ—Ä–µ—Å–æ–≤–∞–ª–∏—Å—å –∫–∞–∫ –º—ã –æ—Ç–¥–æ—Ö–Ω—É–ª–∏ –∏ –æ—Å–æ–±–µ–Ω–Ω–æ –ø–æ –æ—Ç–µ–ª—é, —á—Ç–æ–±—ã –¥—Ä—É–≥–∏–º –∫–ª–∏–µ–Ω—Ç–∞–º –±–æ–ª—å—à–µ –∏–Ω—Ñ–æ—Ä–º–∞—Ü–∏–∏ –¥–∞–≤–∞—Ç—å."
81197,-1,POSITIVE,81197,–ü–ª–∞–Ω–µ—Ç–∞,"–°–∞–Ω–∫—Ç-–ü–µ—Ç–µ—Ä–±—É—Ä–≥, –®–∫–∏–ø–µ—Ä—Å–∫–∏–π –ø—Ä–æ—Ç–æ–∫, 14, –∫–æ—Ä–ø. 21",5,–ê–≤–∞—Ä–∏–π–Ω–æ-—Å–ø–∞—Å–∞—Ç–µ–ª—å–Ω–æ–µ –æ–±–æ—Ä—É–¥–æ–≤–∞–Ω–∏–µ –∏ —Ç–µ—Ö–Ω–∏–∫–∞;–°—É–¥–æ–≤–æ–µ –æ–±–æ—Ä—É–¥–æ–≤–∞–Ω–∏–µ,–ù–æ—Ä–º–∞–ª—å–Ω–∞—è —Ñ–∏—Ä–º–∞ —Å –º–∏–Ω–∏–º–∞–ª—å–Ω—ã–º –≤—Ä–µ–º–µ–Ω–µ–º –Ω–∞ –æ–±—Å–ª—É–∂–∏–≤–∞–Ω–∏–µ –ø–æ–∫—É–ø–∞—Ç–µ–ª—è.\n–ü—Ä–∏–Ω—Ü–∏–ø: –∫–∞—á–µ—Å—Ç–≤–æ –∏ —Å–∫–æ—Ä–æ—Å—Ç—å. –ù–æ—Ä–º–∞–ª—å–Ω—ã–µ –∏ –∞–¥–µ–∫–≤–∞—Ç–Ω—ã–µ –ª—é–¥–∏.
81264,-1,POSITIVE,81264,–ü–ª–∞–Ω–µ—Ç–∞,"–ö–∞–ª–∏–Ω–∏–Ω–≥—Ä–∞–¥, —É–ª–∏—Ü–∞ –ß–µ—Ä–Ω—è—Ö–æ–≤—Å–∫–æ–≥–æ, 26",5,"–†–∞–∑–≤–ª–µ–∫–∞—Ç–µ–ª—å–Ω—ã–π —Ü–µ–Ω—Ç—Ä;–ù–æ—á–Ω–æ–π –∫–ª—É–±;–ë–∞—Ä, –ø–∞–±;–†–µ—Å—Ç–æ—Ä–∞–Ω;–ö–∞—Ä–∞–æ–∫–µ-–∫–ª—É–±","–ü–æ–∂–∞–ª—É–π —ç—Ç–æ –Ω–∞–≤–µ—Ä–Ω–æ–µ –µ–¥–∏–Ω—Å—Ç–≤–µ–Ω–Ω–æ–µ –º–µ—Å—Ç–æ, –∫—É–¥–∞ –º–æ–∂–Ω–æ —Å—Ö–æ–¥–∏—Ç—å –ø–æ—Ç—Ä—è—Å—Ç–∏ –±—É–ª–∫–∞–º–∏))), –Ω–∞ –ø–µ—Ä–≤–æ–º —ç—Ç–∞–∂–µ –º–æ–∂–Ω–æ –≤—ã–ø–∏—Ç—å –∏ –ø–µ—Ä–µ–∫—É—Å–∏—Ç—å, –Ω–∞ –≤—Ç–æ—Ä–æ–º —Ç—Ä—è—Ö–∞–Ω—É—Ç—å —Å—Ç–∞—Ä–∏–Ω–æ–π , —Ä–µ–∫–æ–º–µ–Ω–¥—É—é üëç"
81265,1,NEGATIVE,81265,–ü–ª–∞–Ω–µ—Ç–∞,"–ö–∞–ª–∏–Ω–∏–Ω–≥—Ä–∞–¥, —É–ª–∏—Ü–∞ –ß–µ—Ä–Ω—è—Ö–æ–≤—Å–∫–æ–≥–æ, 26",3,"–†–∞–∑–≤–ª–µ–∫–∞—Ç–µ–ª—å–Ω—ã–π —Ü–µ–Ω—Ç—Ä;–ù–æ—á–Ω–æ–π –∫–ª—É–±;–ë–∞—Ä, –ø–∞–±;–†–µ—Å—Ç–æ—Ä–∞–Ω;–ö–∞—Ä–∞–æ–∫–µ-–∫–ª—É–±","–ò—Å–ø–æ—Ä—Ç–∏–ª–∞ –Ω–∞—Å—Ç—Ä–æ–µ–Ω–∏–µ –∞–¥–º–∏–Ω–∏—Å—Ç—Ä–∞—Ç–æ—Ä –ú–∞—Ä–∏–Ω–∞ - –∑–∞–±—Ä–æ–Ω–∏—Ä–æ–≤–∞–ª–∏ —Å—Ç–æ–ª–∏–∫ —Å–ø–µ—Ü–∏–∞–ª—å–Ω–æ –ø–æ–¥ —Ö–æ–∫–∫–µ–π–Ω—ã–π –º–∞—Ç—á, –ø–æ–ø—Ä–æ—Å–∏–ª–∏ –ø–µ—Ä–µ–∫–ª—é—á–∏—Ç—å —Ç–µ–ª–µ–≤–∏–∑–æ—Ä –Ω–∞ –∫–∞–Ω–∞–ª –º–∞—Ç—á —Ç–≤, –Ω–æ –∞–¥–º–∏–Ω–∏—Å—Ç—Ä–∞—Ç–æ—Ä –∫–∞—Ç–µ–≥–æ—Ä–∏—á–Ω–æ –æ—Ç–∫–∞–∑–∞–ª–∞, —Å–æ—Å–ª–∞–≤—à–∏—Å—å –Ω–∞ —Ç–æ, —á—Ç–æ —Å–µ–≥–æ–¥–Ω—è –≤ –∫–ª—É–±–µ –¥—Ä—É–≥–∞—è –ø—Ä–æ–≥—Ä–∞–º–º–∞... –ö–∞–∫–∞—è –ø—Ä–æ–≥—Ä–∞–º–º–∞, —Ç–∞–∫ –∏ –Ω–µ –æ–±—ä—è—Å–Ω–∏–ª–∞... –ß–µ—Ä–µ–∑ –ø–æ–ª—á–∞—Å–∞, –ø–æ—Å–ª–µ –ø–µ—Ä–µ—Å–º–µ–Ω–∫–∏ –∞–¥–º–∏–Ω–∏—Å—Ç—Ä–∞—Ç–æ—Ä–æ–≤, –Ω–∞–º –±–µ–∑ –ø—Ä–æ–±–ª–µ–º, –ø–æ –Ω–∞—à–µ–π –ø—Ä–æ—Å—å–±–µ –ø–µ—Ä–µ–∫–ª—é—á–∏–ª –Ω–∞ –Ω—É–∂–Ω—ã–π –∫–∞–Ω–∞–ª –∏ –≤—Å–µ... –û–∫–∞–∑—ã–≤–∞–µ—Ç—Å—è –Ω–µ—Ç –Ω–∏–∫–∞–∫–æ–π –ø—Ä–æ–≥—Ä–∞–º–º—ã."
81266,-1,NEUTRAL,81266,–ü–ª–∞–Ω–µ—Ç–∞,"–ö–∞–ª–∏–Ω–∏–Ω–≥—Ä–∞–¥, —É–ª–∏—Ü–∞ –ß–µ—Ä–Ω—è—Ö–æ–≤—Å–∫–æ–≥–æ, 26",2,"–†–∞–∑–≤–ª–µ–∫–∞—Ç–µ–ª—å–Ω—ã–π —Ü–µ–Ω—Ç—Ä;–ù–æ—á–Ω–æ–π –∫–ª—É–±;–ë–∞—Ä, –ø–∞–±;–†–µ—Å—Ç–æ—Ä–∞–Ω;–ö–∞—Ä–∞–æ–∫–µ-–∫–ª—É–±","–¶–µ–Ω–∞ –Ω–µ —Å–æ–æ—Ç–≤–µ—Ç—Å—Ç–≤—É–µ—Ç –∫–∞—á–µ—Å—Ç–≤—É –±–ª—é–¥ –≤ –ø–∏–≤–Ω–æ–º –∫–ª—É–±–µ,–¥–æ—Ä–æ–≥–æ –∏ –Ω–µ –≤–∫—É—Å–Ω–æ –≤—Å–µ."
81267,-1,NEUTRAL,81267,–ü–ª–∞–Ω–µ—Ç–∞,"–ö–∞–ª–∏–Ω–∏–Ω–≥—Ä–∞–¥, —É–ª–∏—Ü–∞ –ß–µ—Ä–Ω—è—Ö–æ–≤—Å–∫–æ–≥–æ, 26",1,"–†–∞–∑–≤–ª–µ–∫–∞—Ç–µ–ª—å–Ω—ã–π —Ü–µ–Ω—Ç—Ä;–ù–æ—á–Ω–æ–π –∫–ª—É–±;–ë–∞—Ä, –ø–∞–±;–†–µ—Å—Ç–æ—Ä–∞–Ω;–ö–∞—Ä–∞–æ–∫–µ-–∫–ª—É–±","–í –ø–∏–≤–Ω–æ–º –±–∞—Ä–µ 1 –ø–∏—Ü—Ü–∞ –∏ –ø–æ—Ä—Ü–∏—è —Ä–æ–ª–ª –≥–æ—Ç–æ–≤–∏–ª–∞—Å—å –ø–æ–ª—Ç–æ—Ä–∞ —á–∞—Å–∞. –í—Å—ë –∫—Ä–æ–º–µ —Å—Ç—Ä–æ–≥–∞–Ω–∏–Ω—ã –∏ —Å—É—Ö–∞—Ä–µ–π –ø–æ–¥–∞—ë—Ç—Å—è –Ω–µ —Ä–∞–Ω—å—à–µ —á–∞—Å–∞, –ø—Ä–∏ –ø–æ—Å–∞–¥–∫–µ –∑–∞–ª–∞ –Ω–µ –±–æ–ª–µ–µ 30% \n –ù–µ —Å–æ–≤–µ—Ç—É–µ–º –∑–∞–≤–µ–¥–µ–Ω–∏–µ. "
87647,0,POSITIVE,87647,–ü–ª–∞–Ω–µ—Ç–∞,"–°–∞—Ä–∞—Ç–æ–≤, —É–ª–∏—Ü–∞ –∏–º–µ–Ω–∏ –°.–§. –¢–∞—Ä—Ö–æ–≤–∞, 48",5,–ú–∞–≥–∞–∑–∏–Ω –æ–¥–µ–∂–¥—ã;–ú–∞–≥–∞–∑–∏–Ω –æ–±—É–≤–∏,"–ü–æ—Å—Ç–æ—è–Ω–Ω–æ —Ç–∞–º –ø–æ–∫—É–ø–∞—é –æ–¥–µ–∂–¥—É –∏ —Ç–¥.\n–ü–æ–¥–±–µ—Ä—É—Ç –æ–¥–µ–∂–¥—É –ø–æ —Ä–∞–∑–º–µ—Ä—É –µ—Å–ª–∏ –æ–Ω–∞ –µ—Å—Ç—å \n–û—á–µ–Ω—å –æ—Ç–∑—ã–≤—á–∏–≤—ã–µ –ª—é–¥–∏ , –æ—á–µ–Ω—å —Ä–µ–∫–æ–º–µ–Ω–¥—É—é –≤—Å–µ–º"
95828,0,POSITIVE,95828,–ü–ª–∞–Ω–µ—Ç–∞,"–ö–µ–º–µ—Ä–æ–≤—Å–∫–∞—è –æ–±–ª–∞—Å—Ç—å, –ù–æ–≤–æ–∫—É–∑–Ω–µ—Ü–∫, —É–ª–∏—Ü–∞ –î–û–ó, 10–ê",5,–¢–æ—Ä–≥–æ–≤—ã–π —Ü–µ–Ω—Ç—Ä;–†–∞–∑–≤–ª–µ–∫–∞—Ç–µ–ª—å–Ω—ã–π —Ü–µ–Ω—Ç—Ä,"–ù–æ–≤–æ–∫—É–∑–Ω–µ—Ü–∫–µ —Å–∞–º—ã–π –ª—É—á—à–∏–π –¢–†–¶, –≥–¥–µ –º–æ–∂–Ω–æ —Ä–∞–∑–≤–ª–µ—á—å—Å—è, –º–∞–≥–∞–∑–∏–Ω–∞—Ö –ø—Ä–∏–µ–º–ª–∏–≤–∞—è —Ü–µ–Ω–∞"
95829,-1,POSITIVE,95829,–ü–ª–∞–Ω–µ—Ç–∞,"–ö–µ–º–µ—Ä–æ–≤—Å–∫–∞—è –æ–±–ª–∞—Å—Ç—å, –ù–æ–≤–æ–∫—É–∑–Ω–µ—Ü–∫, —É–ª–∏—Ü–∞ –î–û–ó, 10–ê",5,–¢–æ—Ä–≥–æ–≤—ã–π —Ü–µ–Ω—Ç—Ä;–†–∞–∑–≤–ª–µ–∫–∞—Ç–µ–ª—å–Ω—ã–π —Ü–µ–Ω—Ç—Ä,"–û—á–µ–Ω—å —Ö–æ—Ä–æ—à–∏–π –≥–∏–ø–µ—Ä–º–∞—Ä–∫–µ—Ç, –µ—Å—Ç—å –ø–æ–¥–∑–µ–º–Ω–∞—è –ø–æ—Ä–∫–æ–≤–∫–∞."
95830,-1,POSITIVE,95830,–ü–ª–∞–Ω–µ—Ç–∞,"–ö–µ–º–µ—Ä–æ–≤—Å–∫–∞—è –æ–±–ª–∞—Å—Ç—å, –ù–æ–≤–æ–∫—É–∑–Ω–µ—Ü–∫, —É–ª–∏—Ü–∞ –î–û–ó, 10–ê",5,–¢–æ—Ä–≥–æ–≤—ã–π —Ü–µ–Ω—Ç—Ä;–†–∞–∑–≤–ª–µ–∫–∞—Ç–µ–ª—å–Ω—ã–π —Ü–µ–Ω—Ç—Ä,"–î–∞ –≤—Å—ë —Ö–æ—Ä–æ—à–æ –Ω–∞ —Ä–∞–∑–Ω—ã–π –∫–æ—à–µ–ª—ë–∫, –≤—Å—ë –µ—Å—Ç—å. –°–∫–∏–¥–∫–∏ —Ö–æ—Ä–æ—à–∏–µ, –Ω–æ –Ω–µ –≤–µ–∑–¥–µ. –¢—Ä–∞–Ω—Å–ø–æ—Ä—Ç–Ω–∞—è —Ä–∞–∑–≤—è–∑–∫–∞ —É–¥–æ–±–Ω–∞—è. "
95831,-1,POSITIVE,95831,–ü–ª–∞–Ω–µ—Ç–∞,"–ö–µ–º–µ—Ä–æ–≤—Å–∫–∞—è –æ–±–ª–∞—Å—Ç—å, –ù–æ–≤–æ–∫—É–∑–Ω–µ—Ü–∫, —É–ª–∏—Ü–∞ –î–û–ó, 10–ê",5,–¢–æ—Ä–≥–æ–≤—ã–π —Ü–µ–Ω—Ç—Ä;–†–∞–∑–≤–ª–µ–∫–∞—Ç–µ–ª—å–Ω—ã–π —Ü–µ–Ω—Ç—Ä,"–î–∞–ª–µ–∫–æ–≤–∞—Ç–æ —Ä–∞—Å–ø–æ–ª–æ–∂–µ–Ω, —Ç–æ–ª—å–∫–æ –Ω–∞ –ª–∏—á–Ω–æ–º –∞–≤—Ç–æ –±–µ–∑–æ–ø–∞—Å–Ω–æ –¥–æ–±—Ä–∞—Ç—å—Å—è. –ê —Ç–∞–∫ –æ—Ç–ª–∏—á–Ω–æ üëç"
95832,0,NEUTRAL,95832,–ü–ª–∞–Ω–µ—Ç–∞,"–ö–µ–º–µ—Ä–æ–≤—Å–∫–∞—è –æ–±–ª–∞—Å—Ç—å, –ù–æ–≤–æ–∫—É–∑–Ω–µ—Ü–∫, —É–ª–∏—Ü–∞ –î–û–ó, 10–ê",4,–¢–æ—Ä–≥–æ–≤—ã–π —Ü–µ–Ω—Ç—Ä;–†–∞–∑–≤–ª–µ–∫–∞—Ç–µ–ª—å–Ω—ã–π —Ü–µ–Ω—Ç—Ä,"–í—Å–µ –µ—Å—Ç—å,–æ–¥–µ–∂–¥–∞,–∫–∏–Ω–æ,–ø–æ–∫—É—à–∞—Ç—å –º–æ–∂–Ω–æ –ø–æ—Å–ª–µ –≤—Å–µ—Ö –ø—Ä–æ–≥—É–ª–æ–∫,—Ä–∞–∑–≤–ª–µ—á—å—Å—è —Å–µ–±–µ –∏ —Å–≤–æ–∏–º –¥–µ—Ç—è–º –≤ –º–µ–≥–∞–ª–µ–Ω–¥–µ"
95833,0,POSITIVE,95833,–ü–ª–∞–Ω–µ—Ç–∞,"–ö–µ–º–µ—Ä–æ–≤—Å–∫–∞—è –æ–±–ª–∞—Å—Ç—å, –ù–æ–≤–æ–∫—É–∑–Ω–µ—Ü–∫, —É–ª–∏—Ü–∞ –î–û–ó, 10–ê",4,–¢–æ—Ä–≥–æ–≤—ã–π —Ü–µ–Ω—Ç—Ä;–†–∞–∑–≤–ª–µ–∫–∞—Ç–µ–ª—å–Ω—ã–π —Ü–µ–Ω—Ç—Ä,"–•–æ—Ä–æ—à–∏–π –¢–¶, –ª—É—á—à–µ —Å–∏—Ç–∏–º–æ–ª–ª–∞. –°–µ–π—á–∞—Å –ø—É—Å—Ç–æ–≤–∞—Ç–æ, –Ω–æ –≤ —Ü–µ–ª–æ–º –µ—Å—Ç—å –º–Ω–æ–≥–æ –º–∞–≥–∞–∑–∏–Ω–æ–≤. –ï–¥–∞ –∫–∞–∫ –≤—Å–µ–≥–¥–∞ —Ö–æ—Ä–æ—à–æ. –ù–∞ –≤—Ö–æ–¥–µ –≤–µ—á–Ω–æ –º–µ–Ω—è—é—â–µ–µ—Å—è –ø–æ–º–µ—â–µ–Ω–∏–µ, –Ω–∞ –¥–∞–Ω–Ω—ã–π –º–æ–º–µ–Ω—Ç —Å–µ–π—á–∞—Å —Ç–∞–º –∑–æ–æ–ø–∞—Ä–∫ (–Ω–µ –æ–¥–æ–±—Ä—è—é), –∞ —Ä–∞–Ω—å—à–µ –±—ã–ª–∏ —Ä–µ—Å—Ç–æ—Ä–∞–Ω—ã, –±—É–¥—É—Ç –ª–∏ —Ö–æ—Ä–æ—à–æ –≤—Å–µ —á–∏—Å—Ç–∏—Ç—å –ø–æ—Å–ª–µ –∑–æ–æ–ø–∞—Ä–∫–∞ - –≤–æ–ø—Ä–æ—Å –æ—Ç–∫—Ä—ã—Ç—ã–π"
120372,-1,POSITIVE,120372,–ü–ª–∞–Ω–µ—Ç–∞,"–ö—Ä–∞—Å–Ω–æ—è—Ä—Å–∫–∏–π –∫—Ä–∞–π, –ú–∏–Ω—É—Å–∏–Ω—Å–∫, –ö—Ä–∞—Å–Ω–æ–∞—Ä–º–µ–π—Å–∫–∞—è —É–ª–∏—Ü–∞, 24",5,–ü—Ä–∞—á–µ—á–Ω–∞—è;–ë–∞–Ω—è,–û—Ç–ª–∏—á–Ω–∞—è –±–∞–Ω—è –∏ —Å–∞—É–Ω–∞  —Å –±–∞—Å—Å–µ–π–Ω–æ–º. –í—Å–µ–≥–¥–∞ –∏–¥—É—Ç –Ω–∞ –≤—Å—Ç—Ä–µ—á—É –µ—Å–ª–∏ —Å –¥–µ—Ç—å–º–∏ –º–æ–∂–Ω–æ –≤–æ–¥—É —Å–¥–µ–ª–∞—Ç—å –ø–æ —Ç–µ–ø–ª–µ–µ . –•–æ—Ä–æ—à–∏–π –∏ –ø—Ä–∏–≤–µ—Ç–ª–∏–≤—ã–π –ø–µ—Ä—Å–æ–Ω–∞–ª . –ï—Å—Ç—å –≤ –ø—Ä–æ–¥–∞–∂–µ –≤—Å–µ –¥–ª—è –æ—Ç–ª–∏—á–Ω–æ–≥–æ –æ—Ç–¥—ã—Ö–∞ –≤–µ–Ω–∏–∫–∏ –Ω–∞–ø–∏—Ç–∫–∏ –∏ —Ç.–¥. –†–µ–∫–æ–º–µ–Ω–¥—É—é
134410,1,POSITIVE,134410,–ü–ª–∞–Ω–µ—Ç–∞,"–†–µ—Å–ø—É–±–ª–∏–∫–∞ –ö—Ä—ã–º, –ï–≤–ø–∞—Ç–æ—Ä–∏—è, –ø—Ä–æ—Å–ø–µ–∫—Ç –õ–µ–Ω–∏–Ω–∞, 73/29",5,–°–∞–Ω–∞—Ç–æ—Ä–∏–π,"–û—Ç–ª–∏—á–Ω—ã–π —Å–∞–Ω–∞—Ç–æ—Ä–∏–π —Å —Ö–æ—Ä–æ—à–∏–º –æ–±—Å–ª—É–∂–∏–≤–∞–Ω–∏–µ–º! 3-—Ö —Ä–∞–∑–æ–≤–æ–µ –ø–∏—Ç–∞–Ω–∏–µ, —É–≤–∞–∂–∏—Ç–µ–ª—å–Ω—ã–π –ø–µ—Ä—Å–æ–Ω–∞–ª, –æ—Ç–ª–∏—á–Ω–∞—è –ø–∞—Ä–∫–æ–≤–∞—è –∑–æ–Ω–∞ —Å –º–∏–Ω–∏–∑–æ–æ–ø–∞—Ä–∫–æ–º. –û—á–µ–Ω—å –∫—Ä–∞—Å–∏–≤—ã–π –±–∞—Å—Å–µ–π–Ω —Å –º–∏–Ω–µ—Ä–∞–ª—å–Ω–æ–π –≤–æ–¥–æ–π –ø–æ–¥ –æ—Ç–∫—Ä—ã—Ç—ã–º –Ω–µ–±–æ–º! "
134411,-1,POSITIVE,134411,–ü–ª–∞–Ω–µ—Ç–∞,"–†–µ—Å–ø—É–±–ª–∏–∫–∞ –ö—Ä—ã–º, –ï–≤–ø–∞—Ç–æ—Ä–∏—è, –ø—Ä–æ—Å–ø–µ–∫—Ç –õ–µ–Ω–∏–Ω–∞, 73/29",5,–°–∞–Ω–∞—Ç–æ—Ä–∏–π,"–û—á–µ–Ω—å –∑–¥–æ—Ä–æ–≤–æ —á—Ç–æ –µ—Å—Ç—å –≤–æ–∑–º–æ–∂–Ω–æ—Å—Ç—å –ø—Ä–∏–µ—Ö–∞—Ç—å —Å–æ —Å–≤–æ–∏–º –ø–∏—Ç–æ–º—Ü–µ–≤.  –•–æ—Ä–æ—à–∞—è —Ç–µ—Ä—Ä–∏—Ç–æ—Ä–∏—è, –Ω–∞—Ä–æ–¥—É –Ω–µ –º–Ω–æ–≥–æ, –ª–µ—á–µ–Ω–∏–µ, –ø–∏—Ç–∞–Ω–∏–µ, –ø—Ä–æ–∂–∏–≤–∞–Ω–∏–µ –≤—Å—ë –Ω–∞ —Ö–æ—Ä–æ—à–µ–º —É—Ä–æ–≤–Ω–µ. –ú–æ–∂–Ω–æ –≤–∑—è—Ç—å –ø–∞–ª–∫–∏ –¥–ª—è —Å–∫–∞–Ω–¥–∏–Ω–∞–≤—Å–∫–æ–π —Ö–æ–¥—å–±—ã, —Ä–∞–∫–µ—Ç–∫–∏ –¥–ª—è –±–æ–ª—å—à–æ–≥–æ —Ç–µ–Ω–Ω–∏—Å–∞, —Ç—Ä–µ–Ω–∏—Ä–æ–≤–∞—Ç—å—Å—è –≤ —Ö–æ—Ä–æ—à–æ —É–∫–æ–º–ø–ª–µ–∫—Ç–æ–≤–∞–Ω–Ω–æ–º —Ç—Ä–µ–Ω–∞–∂–µ—Ä–Ω–æ–º –∑–∞–ª–µ. –ù–∞ —Ç–µ—Ä—Ä–∏—Ç–æ—Ä–∏–∏ –∫–∞—Ñ–µ, —à–∏–∫–∞—Ä–Ω—ã–π —Ç–µ–ø–ª—ã–π –±–∞—Å—Å–µ–π–Ω. –¶–µ–Ω—ã –Ω–µ —Å–∫–∞–∂—É —á—Ç–æ –Ω–∏–∑–∫–∏–µ, –æ–¥–Ω–∞–∫–æ –¥–ª—è —Ç–∞–∫–æ–≥–æ —É—Ä–æ–≤–Ω—è –≤–ø–æ–ª–Ω–µ –¥–æ—Å—Ç—É–ø–Ω—ã–µ. –ù–µ–ø–ª–æ—Ö–∏–µ –ª–µ—á–µ–±–Ω—ã–µ –ø—Ä–æ—Ü–µ–¥—É—Ä—ã, –∫–æ—Ç–æ—Ä—ã–µ —É–∂–µ –≤–∫–ª—é—á–µ–Ω—ã –≤ –ø—É—Ç–µ–≤–∫—É. –î–∞—Å—Ç –∂–∏–∑–Ω—å, –∑–¥–æ—Ä–æ–≤—å–µ –∏ –¥–µ–Ω—å–≥–∏ - –ø—Ä–∏–µ–¥–µ–º –µ—â—ë."
134412,1,POSITIVE,134412,–ü–ª–∞–Ω–µ—Ç–∞,"–†–µ—Å–ø—É–±–ª–∏–∫–∞ –ö—Ä—ã–º, –ï–≤–ø–∞—Ç–æ—Ä–∏—è, –ø—Ä–æ—Å–ø–µ–∫—Ç –õ–µ–Ω–∏–Ω–∞, 73/29",5,–°–∞–Ω–∞—Ç–æ—Ä–∏–π,"–í—Å–µ –ø–æ–Ω—Ä–∞–≤–∏–ª–æ—Å—å. –ü–µ—Ä—Å–æ–Ω–∞–ª –ø—Ä–∏—è—Ç–Ω—ã–π, –≤–µ–∂–ª–∏–≤—ã–π. –ï–¥–∞ –≤–∫—É—Å–Ω–∞—è, –Ω–æ –Ω–µ —Ä–∞–∑–Ω–æ–æ–±—Ä–∞–∑–Ω–∞—è. —Ç–µ—Ä—Ä–∏—Ç–æ—Ä–∏—è —É—Ö–æ–∂–µ–Ω–Ω–∞—è, –ø—Ä–∏—è—Ç–Ω–æ –ø–æ–≥—É–ª—è—Ç—å, –Ω–∞–±–ª—é–¥–∞—Ç—å –∑–∞ –∂–∏–≤–æ—Ç–Ω—ã–º–∏ –∏ –ø—Ç–∏—Ü–∞–º–∏ –≤ –º–∏–Ω–∏–∑–æ–æ–ø–∞—Ä–∫–µ. –ë–∞—Å—Å–µ–π–Ω –æ—Ç–ª–∏—á–Ω—ã–π, –ø–ª–∞–≤–∞—Ç—å –º–æ–∂–Ω–æ –≤ –ª—é–±—É—é –ø–æ–≥–æ–¥—É. –ù–æ–º–µ—Ä–∞ —É–¥–æ–±–Ω—ã–µ, –Ω–æ –Ω–µ–º–Ω–æ–≥–æ —Ö–æ–ª–æ–¥–Ω–æ –±—ã–ª–æ, —Å—É—à–∏—Ç—å –≤–µ—â–∏ –Ω–µ–≥–¥–µ –≤–æ –≤—Ä–µ–º—è –¥–æ–∂–¥—è. –ß–∏—Å—Ç–æ . –£–±–∏—Ä–∞–ª–∏ —Ä–µ–≥—É–ª—è—Ä–Ω–æ. –°–ø–∞—Å–∏–±–æ –ø–µ—Ä—Å–æ–Ω–∞–ª—É.–†–∞—Å–ø–æ–ª–æ–∂–µ–Ω–∏–µ —Ö–æ—Ä–æ—à–µ–µ- –¥–æ –º–æ—Ä—è –ø–æ–ª —á–∞—Å–∞ —Ö–æ–¥—å–±—ã."
134413,1,POSITIVE,134413,–ü–ª–∞–Ω–µ—Ç–∞,"–†–µ—Å–ø—É–±–ª–∏–∫–∞ –ö—Ä—ã–º, –ï–≤–ø–∞—Ç–æ—Ä–∏—è, –ø—Ä–æ—Å–ø–µ–∫—Ç –õ–µ–Ω–∏–Ω–∞, 73/29",5,–°–∞–Ω–∞—Ç–æ—Ä–∏–π,"–æ—Ç–ª–∏—á–Ω—ã–π –æ—Ç–∫—Ä—ã—Ç—ã–π –±–∞—Å—Å–µ–π–Ω, —Ö–æ—Ä–æ—à–∞—è –µ–¥–∞, –∫—Ä–∞—Å–∏–≤–∞—è —Ç–µ—Ä—Ä–∏—Ç–æ—Ä–∏—è, –Ω–æ–º–µ—Ä–∞ –≤ —Å–æ–≤–µ—Ç—Å–∫–æ–º —Å—Ç–∏–ª–µ, –Ω–æ –ø–æ —Ü–µ–Ω–µ –ª–µ—á–µ–±–Ω—ã—Ö —Ç—É—Ä–æ–≤ –æ—Ç —Ü–µ–Ω—Ç—Ä–∞ –æ–∑–¥–æ—Ä–æ–≤–ª–µ–Ω–∏—è –æ—á–µ–Ω—å –Ω–µ–ø–ª–æ—Ö–æüòÄ"
144903,0,POSITIVE,144903,–ü–ª–∞–Ω–µ—Ç–∞,"–†–µ—Å–ø—É–±–ª–∏–∫–∞ –ë–∞—à–∫–æ—Ä—Ç–æ—Å—Ç–∞–Ω, –¢—É–π–º–∞–∑—ã, —É–ª–∏—Ü–∞ 70 –ª–µ—Ç –û–∫—Ç—è–±—Ä—è, 9",5,–ö–Ω–∏–∂–Ω—ã–π –º–∞–≥–∞–∑–∏–Ω;–ú–∞–≥–∞–∑–∏–Ω –∫–∞–Ω—Ü—Ç–æ–≤–∞—Ä–æ–≤;–£—á–µ–±–Ω–∞—è –ª–∏—Ç–µ—Ä–∞—Ç—É—Ä–∞,"–¢–æ–≤–∞—Ä–æ–≤ –±–æ–ª—å—à–æ–µ –∫–æ–ª–∏—á–µ—Å—Ç–≤–æ, –ø—Ä–æ—Å—Ç–æ –æ–≥—Ä–æ–º–Ω—ã–π –≤—ã–±–æ—Ä. –°–ü–ê–°–ò–ë–û –ø–µ—Ä—Å–æ–Ω–∞–ª—É –∑–Ω–∞—é—Ç –≥–¥–µ —á—Ç–æ –Ω–∞–π—Ç–∏ –û—Ç–∑—ã–≤—á–∏–≤—ã–π –∏ –≤–µ–∂–ª–∏–≤—ã–µ"
144904,0,POSITIVE,144904,–ü–ª–∞–Ω–µ—Ç–∞,"–†–µ—Å–ø—É–±–ª–∏–∫–∞ –ë–∞—à–∫–æ—Ä—Ç–æ—Å—Ç–∞–Ω, –¢—É–π–º–∞–∑—ã, —É–ª–∏—Ü–∞ 70 –ª–µ—Ç –û–∫—Ç—è–±—Ä—è, 9",5,–ö–Ω–∏–∂–Ω—ã–π –º–∞–≥–∞–∑–∏–Ω;–ú–∞–≥–∞–∑–∏–Ω –∫–∞–Ω—Ü—Ç–æ–≤–∞—Ä–æ–≤;–£—á–µ–±–Ω–∞—è –ª–∏—Ç–µ—Ä–∞—Ç—É—Ä–∞,"–í—ã–±–æ—Ä –∫–Ω–∏–≥ –¥–æ—Å—Ç–∞—Ç–æ—á–Ω–æ —à–∏—Ä–æ–∫,  –Ω–∞ —Ä–∞–∑–Ω—ã–π –≤–∫—É—Å –∏ –∫–æ—à–µ–ª—ë–∫. –û—á–µ–Ω—å –≤–µ–∂–ª–∏–≤—ã–π –∏ –ø—Ä–∏–≤–µ—Ç–ª–∏–≤—ã–π –ø–µ—Ä—Å–æ–Ω–∞–ª,, –≤—Å–µ–≥–¥–∞ –ø–æ–º–æ–≥—É—Ç –Ω–∞–π—Ç–∏ –Ω–µ–æ–±—Ö–æ–¥–∏–º—ã–µ –∫–Ω–∏–≥–∏. –ï—Å–ª–∏ –Ω–µ—Ç –≤ –ø—Ä–æ–¥–∞–∂–µ, –ø—Ä–µ–¥–ª–æ–∂–∞—Ç –∑–∞–∫–∞–∑–∞—Ç—å."
163874,-1,POSITIVE,163874,–ü–ª–∞–Ω–µ—Ç–∞,"–£–ª—å—è–Ω–æ–≤—Å–∫, –ö–æ–º—Å–æ–º–æ–ª—å—Å–∫–∏–π –ø–µ—Ä–µ—É–ª–æ–∫, 22",5,–ú–∞–≥–∞–∑–∏–Ω –æ–¥–µ–∂–¥—ã;–ú–∞–≥–∞–∑–∏–Ω –æ–±—É–≤–∏,"–ü–ª–∞–Ω–µ—Ç –º–∏—Ä –æ–¥–µ–∂–¥—ã –∏ –æ–±—É–≤–∏, –º–æ–∂–Ω–æ –Ω–∞–π—Ç–∏ —á—Ç–æ-—Ç–æ –∫—Ä—É—Ç–æ–µ, –æ—Ç–ª–∏—á–Ω–æ–µ –º–µ—Å—Ç–æ "
175195,1,POSITIVE,175195,–ü–ª–∞–Ω–µ—Ç–∞,"–í–æ–ª–æ–≥–æ–¥—Å–∫–∞—è –æ–±–ª–∞—Å—Ç—å, –ß–µ—Ä–µ–ø–æ–≤–µ—Ü, —É–ª–∏—Ü–∞ –ú–æ–Ω—Ç–∫–ª–µ—Ä, 17–ê",4,–¢–µ–Ω–Ω–∏—Å–Ω—ã–π –∫–ª—É–±,"–í—Å–µ –Ω–æ—Ä–º–∞–ª—å–Ω–æ! \n–°–ø–∞—Å–∏–±–æ –∑–∞ —Å–ø–æ—Ä—Ç –ø–ª–æ—â–∞–¥–∫—É –≤ –Ω–∞—à–µ–º —á—É–¥–µ—Å–Ω–æ–º –≥–æ—Ä–æ–¥–µ. \n–ï—Å—Ç—å –ø–æ–∂–µ–ª–∞–Ω–∏–µ, –æ—Å–Ω–∞—Å—Ç–∏—Ç—å —Ñ—É—Ç–±–æ–ª—å–Ω—ã–π –∑–∞–ª –¥–æ—Å—Ç–æ–π–Ω—ã–º –ø—Ä–æ–≤–æ–¥–∏–º—ã–º –º–∞—Ç—á–∞–º –∏ —Ç—É—Ä–Ω–∏—Ä–∞–º - –æ—Å–≤–µ—â–µ–Ω–∏–µ–º, –Ω–∞ –º–æ–π –≤–∑–≥–ª—è–¥, –Ω–µ–º–Ω–æ–≥–æ —Ç–µ–º–Ω–æ–≤–∞—Ç–æ."
181736,0,POSITIVE,181736,–ü–ª–∞–Ω–µ—Ç–∞,"–ö—Ä–∞—Å–Ω–æ—è—Ä—Å–∫, —É–ª–∏—Ü–∞ 9 –ú–∞—è, 77",4,–¢–æ—Ä–≥–æ–≤—ã–π —Ü–µ–Ω—Ç—Ä;–†–∞–∑–≤–ª–µ–∫–∞—Ç–µ–ª—å–Ω—ã–π —Ü–µ–Ω—Ç—Ä,"–í—ã–±–æ—Ä —Ç–æ–≤–∞—Ä–æ–≤ –±–æ–ª—å—à–æ–π, –Ω–æ –æ–¥–Ω–æ—Ç–∏–ø–Ω—ã–π –∏ –Ω–µ –≤—Å–µ–≥–¥–∞ –º–æ–∂–Ω–æ –Ω–∞–π—Ç–∏ —Ç–æ —á—Ç–æ –∏–Ω—Ç–µ—Ä–µ—Å—É–µ—Ç.  –í—ã–±–æ—Ä –º–∞–≥–∞–∑–∏–Ω–æ–≤ –≤–Ω—É—Ç—Ä–∏ –¢–¶ –±–æ–ª—å—à–æ–π, –µ—Å—Ç—å –≤—Å—ë: –æ–¥–µ–∂–¥–∞, –æ–±—É–≤—å, —É–∫—Ä–∞—à–µ–Ω–∏—è, –Ω–∏–∂–Ω–µ–µ –±–µ–ª—å–µ, –ø–∞—Ä—Ñ—é–º–µ—Ä–∏—è! –ú–æ–∂–Ω–æ –∫—É–ø–∏—Ç—å –ø–æ–µ—Å—Ç—å –ø–æ–ø–∏—Ç—å –µ–¥–∞ –∏ –Ω–∞–ø–∏—Ç–∫–∏ –Ω–∞ —Å–≤–æ–π –≤–∫—É—Å, –¥–µ—Ç–µ–π –æ—Ç–≤–µ—Å—Ç–∏ –ø–æ–∏–≥—Ä–∞—Ç—å –Ω–∞ –Ω–µ–±–æ–ª—å—à—É—é –ø–ª–æ—â–∞–¥–∫—É –≤–Ω—É—Ç—Ä–∏ –¢–¶. –ï—Å–ª–∏ –∑–∞–ø—É—Ç–∞–ª–∏—Å—å –≤ –Ω–∞–ø—Ä–∞–≤–ª–µ–Ω–∏—è—Ö, —Ç–æ —Ç–∞–±–ª–∏—á–∫–∏ –≤–µ—Å—è—â–∏–µ –Ω–∞ –ø–æ—Ç–æ–ª–∫–µ –ø–æ–¥—Å–∫–∞–∂—É—Ç, –ø–æ –¢–¶ —Å—Ç–æ—è—Ç –∫–∞—Ä—Ç—ã. –ù–µ —Ä–∞–∑–≤–∏—Ç 2–æ–π —ç—Ç–∞–∂. –ú–æ–∂–Ω–æ —Å—Ö–æ–¥–∏—Ç—å –≤ –∫–∏–Ω–æ. –ö–∞–∫ –∑–∞–º–µ—Ç–∏–ª–∞, –ø—Ä–æ —Ü–µ–Ω—ã, –Ω–µ –∫–∞–∂–¥–æ–º—É –ø–æ –∫–∞—Ä–º–∞–Ω—É."
181737,0,POSITIVE,181737,–ü–ª–∞–Ω–µ—Ç–∞,"–ö—Ä–∞—Å–Ω–æ—è—Ä—Å–∫, —É–ª–∏—Ü–∞ 9 –ú–∞—è, 77",5,–¢–æ—Ä–≥–æ–≤—ã–π —Ü–µ–Ω—Ç—Ä;–†–∞–∑–≤–ª–µ–∫–∞—Ç–µ–ª—å–Ω—ã–π —Ü–µ–Ω—Ç—Ä,"–í—Å–µ –≤ –∫–æ–º–±–∏–Ω–∞—Ü–∏–∏ –æ—Ç–ª–∏—á–Ω–æ, –ø–æ–¥–¥–µ—Ä–∂–∫–∞ —á–∏—Å—Ç–æ—Ç—ã –∏ –ø–æ—Ä—è–¥–∫–∞ –∑–∞–º–µ—á–∞—Ç–µ–ª—å–Ω–∞—è, –ø—Ä–∏—è—Ç–Ω–æ –ø—Ä–æ–≤–æ–¥–∏—Ç—å –≤—Ä–µ–º—è –∏ –æ–¥–Ω–æ–º—É, –∏ –≤—Å–µ–π —Å–µ–º—å—ë–π –≤ —Ç–∞–∫–æ–º —Ç–æ—Ä–≥–æ–≤–æ–º  —Ü–µ–Ω—Ç—Ä–µ ,—Å–ø–∞—Å–∏–±–æüëçüëèüëèüëèüòâ. –ï–¥–∏–Ω—Å—Ç–≤–µ–Ω–Ω–æ–µ, —Ä–∞–Ω—å—à–µ –ø–ª–∞–Ω–∏—Ä–æ–≤–∫–∞ –∏ –≤—ã–±–æ—Ä —Ç–æ–≤–∞—Ä–æ–≤ –û–∫–µ–π –Ω–∞–º –±–æ–ª—å—à–µ –Ω—Ä–∞–≤–∏–ª—Å—è, –ø–æ—Å–ª–µ –∏–∑–º–µ–Ω–µ–Ω–∏–π –∏ –ø–µ—Ä–µ—Å—Ç—Ä–æ–π–∫–∏ –æ—á–µ–Ω—å –Ω–∞–ø–æ–º–∏–Ω–∞–µ—Ç –ª–µ–Ω—Ç—É, —á—Ç–æ —Ç–µ—Ä—è–µ—Ç —Å–º—ã—Å–ª –µ–≥–æ –ø–æ—Å–µ—â–∞—Ç—å‚ò∫ü§∑‚Äç‚ôÄÔ∏è"
181738,0,POSITIVE,181738,–ü–ª–∞–Ω–µ—Ç–∞,"–ö—Ä–∞—Å–Ω–æ—è—Ä—Å–∫, —É–ª–∏—Ü–∞ 9 –ú–∞—è, 77",5,–¢–æ—Ä–≥–æ–≤—ã–π —Ü–µ–Ω—Ç—Ä;–†–∞–∑–≤–ª–µ–∫–∞—Ç–µ–ª—å–Ω—ã–π —Ü–µ–Ω—Ç—Ä,"–•–æ—Ä–æ—à–∏–π –¢–†–¶ –µ—Å—Ç—å –≤—Å–µ –Ω—É–∂–Ω—ã–µ –º–∞–≥–∞–∑–∏–Ω—ã —Ö–æ—Ä–æ—à–∞—è –ø–∞—Ä–∫–æ–≤–∫–∞ –≤—Å–µ–≥–¥–∞ —Ö–≤–∞—Ç–∞–µ—Ç –º–µ—Å—Ç, —Ö–æ—Ä–æ—à–∏–µ –æ—Ç–¥–µ–ª—ã –¥–ª—è –¥–µ—Ç–µ–π, –≤—Å–µ–º —Ä–µ–∫–æ–º–µ–Ω–¥—É—é –∏ —Å–æ–≤–µ—Ç—É—é!!"
181739,0,POSITIVE,181739,–ü–ª–∞–Ω–µ—Ç–∞,"–ö—Ä–∞—Å–Ω–æ—è—Ä—Å–∫, —É–ª–∏—Ü–∞ 9 –ú–∞—è, 77",5,–¢–æ—Ä–≥–æ–≤—ã–π —Ü–µ–Ω—Ç—Ä;–†–∞–∑–≤–ª–µ–∫–∞—Ç–µ–ª—å–Ω—ã–π —Ü–µ–Ω—Ç—Ä,"–í—Å—ë —Å—É–ø–µ—Ä! –≠—Ç–æ –∂–µ ¬´–ü–ª–∞–Ω–µ—Ç–∞¬ª! –ï—Å—Ç—å –≤—Å—ë, —á—Ç–æ –Ω—É–∂–Ω–æ! –£–¥–æ–±–Ω—ã–µ –ø–æ–¥—ä–µ–∑–¥—ã —Å–æ –≤—Å–µ—Ö —Å—Ç–æ—Ä–æ–Ω, –≤—Å–µ–≥–¥–∞ —Å–≤–æ–±–æ–¥–Ω—ã–µ –ø–∞—Ä–∫–æ–≤–∫–∏. –ï—Å—Ç—å –≥–¥–µ –æ–±—É—Ç—å—Å—è-–æ–¥–µ—Ç—å—Å—è, –ø–æ–æ–±—â–∞—Ç—å—Å—è —Å –¥—Ä—É–∑—å—è–º–∏, –ø–æ–ø–∏—Ç—å –∫–æ—Ñ–µ, —á–∞–π, —Ö–æ—Ä–æ—à–æ –ø–æ–∫—É—à–∞—Ç—å, –≤—ã–ø–∏—Ç—å, –∑–∞–∫—É—Å–∏—Ç—å! –ò–¥–µ–∞–ª—å–Ω–æ–µ –º–µ—Å—Ç–æ! –ï—Å–ª–∏ –¥–∞–≤–Ω–æ –∫–æ–≥–æ-—Ç–æ –Ω–µ –≤–∏–¥–µ–ª, –æ–±—è–∑–∞—Ç–µ–ª—å–Ω–æ –≤—Å—Ç—Ä–µ—Ç–∏—à—å, –¥–∞–∂–µ –µ—Å–ª–∏ –∏ –Ω–µ —Ö–æ—Ç–µ–ª —ç—Ç–æ–≥–æ. –ú–Ω–µ –Ω—Ä–∞–≤–∏—Ç—Å—è!"
181740,0,POSITIVE,181740,–ü–ª–∞–Ω–µ—Ç–∞,"–ö—Ä–∞—Å–Ω–æ—è—Ä—Å–∫, —É–ª–∏—Ü–∞ 9 –ú–∞—è, 77",5,–¢–æ—Ä–≥–æ–≤—ã–π —Ü–µ–Ω—Ç—Ä;–†–∞–∑–≤–ª–µ–∫–∞—Ç–µ–ª—å–Ω—ã–π —Ü–µ–Ω—Ç—Ä,"–ù–∞ —Å–µ–≥–æ–¥–Ω—è—à–Ω–∏–π –¥–µ–Ω—å, —è —Å—á–∏—Ç–∞—é, –≤–ø—Ä–æ—á–µ–º –∫–∞–∫ –∏ –º–Ω–æ–≥–∏–µ –¥—Ä—É–≥–∏–µ –∂–∏—Ç–µ–ª–∏ –≥–æ—Ä–æ–¥–∞ –ö—Ä–∞—Å–Ω–æ—è—Ä—Å–∫–∞, –¢–¶ –ü–ª–∞–Ω–µ—Ç–∞  - —ç—Ç–æ —Å–∞–º—ã–π —É–Ω–∏–∫–∞–ª—å–Ω—ã–π –º–∞–≥–∞–∑–∏–Ω —Å —É—á—ë—Ç–æ–º —Ä–∞–∑–Ω–æ–æ–±—Ä–∞–∑–∏—è –≤—ã–±–æ—Ä–∞ —Ç–æ–≤–∞—Ä–æ–≤ –∏ —É—Å–ª—É–≥! –ü—Ä–∏ –Ω–∞–ª–∏—á–∏–∏: —É–¥–æ–±–Ω–æ–≥–æ –≤—Ä–µ–º–µ–Ω–∏ —Ä–∞–±–æ—Ç—ã - —Å 09:00  –¥–æ 22:00, –±–µ—Å–ø–ª–∞—Ç–Ω–æ–π –æ–≥—Ä–æ–º–Ω–æ–π –ø–∞—Ä–∫–æ–≤–∫–∏ (–Ω–∞–ª–∏—á–∏–µ —Ç–∞–∫–∂–µ —Ç—ë–ø–ª–æ–π, –ø–ª–∞—Ç–Ω–æ–π –ø–∞—Ä–∫–æ–≤–∫–∏ —Å –∞–≤—Ç–æ–º–æ–π–∫–æ–π), —Ç–æ—Ä–≥–æ–≤–æ–≥–æ ""–æ–±–∂–æ—Ä–Ω–æ–≥–æ"" —Ä—è–¥–∞, –∫–∏–Ω–æ—Ç–µ–∞—Ç—Ä–∞ –∏ –∫–∞—Ñ–µ —Å –ø–∏–≤–±–∞—Ä–∞–º–∏, –∞ —Ç–∞–∫–∂–µ –≤ –∫–æ–º–ø–ª–µ–∫—Å–µ —Å –ø—Ä–æ–¥—É–∫—Ç–æ–≤—ã–º —É–Ω–∏–≤–µ—Ä—Å–∞–ª–æ–º ""–û–∫–µ–π"" –∏ –º–∞–≥–∞–∑–∏–Ω–æ–º —Å—Ç—Ä–æ–∏—Ç–µ–ª—å–Ω—ã—Ö –º–∞—Ç–µ—Ä–∏–∞–ª–æ–≤  ""–õ–µ—Ä—É–∞ –ú–µ—Ä–ª–µ–Ω"" - –¢–¶ ""–ü–ª–∞–Ω–µ—Ç–∞ "" –º–æ–∂–Ω–æ —Å–º–µ–ª–æ —Å—Ç–∞–≤–∏—Ç—å 5 –±–∞–ª–ª–æ–≤!!!  –¢–¶ —Ä–∞–¥—É–µ—Ç —Å–≤–æ–∏–º –∞—Å—Å–æ—Ä—Ç–∏–º–µ–Ω—Ç–æ–º –∂–∏—Ç–µ–ª–µ–π, –≥–æ—Å—Ç–µ–π –≥–æ—Ä–æ–¥–∞ –∏ –∏–Ω–æ—Å—Ç—Ä–∞–Ω—Ü–µ–≤!!! –†–∞–∑–≤–ª–µ—á–µ–Ω–∏—è –¥–ª—è –¥–µ—Ç–µ–π, –≤ –≤–æ–∑—Ä–∞—Å—Ç–µ –æ—Ç 1 –≥–æ–¥–∞ –¥–æ 16 –ª–µ—Ç, –Ω–∞ 2 –∏ 3 —ç—Ç–∞–∂–∞—Ö –¢–¶! –¢—É–∞–ª–µ—Ç—ã —É—Å—Ç–∞–Ω–æ–≤–ª–µ–Ω—ã –Ω–∞ 1 —ç—Ç–∞–∂–µ, —É–∫–∞–∑–∞—Ç–µ–ª–∏ –Ω–µ –ø–æ–¥–≤–µ–¥—É—Ç!!! –¶–µ–Ω—ã —Ä–∞–∑–Ω—ã–µ, –≤ –∞—Å—Å–æ—Ä—Ç–∏–º–µ–Ω—Ç–µ –µ—Å—Ç—å –≤—Å—ë, –Ω–∞—á–∏–Ω–∞—è –æ—Ç —Ç–∞–ø–æ—á–µ–∫ –∏ –±–µ–ª—å—è –∏ –∑–∞–∫–∞–Ω—á–∏–≤–∞—è —à—É–±–∞–º–∏ –∏ –∫–æ–≤—Ä–∞–º–∏; —ç–ª–µ–∫—Ç—Ä–æ–Ω–∏–∫–æ–π –∏ —Ö–æ–∑—Ç–æ–≤–∞—Ä–∞–º–∏, –æ–±—É–≤—å—é –∏ –¥–µ—Ç—Å–∫–∏–º–∏ –∏–≥—Ä—É—à–∫–∞–º–∏; –ø–∞—Ä—Ñ—é–º–µ—Ä–∏–µ–π –∏ –∫–Ω–∏–≥–∞–º–∏, –ø–æ—Å—É–¥–æ–π –∏ —Ç–∫–∞–Ω—è–º–∏!!!! –†–µ–∫–æ–º–µ–Ω–¥—É—é –≤—Å–µ–º –ø–æ—Å–µ—Ç–∏—Ç—å –¢–¶ ""–ü–ª–∞–Ω–µ—Ç–∞ ""! –ù–µ –ø–æ–∂–∞–ª–µ–µ—Ç–µ , –æ—Ç–¥–∞—Ö–Ω—ë—Ç–µ –∏ –ø–æ–ª—É—á–∏—Ç–µ –º–∞–∫—Å–∏–º—É–º —É–¥–æ–≤–æ–ª—å—Å—Ç–≤–∏—è!!!"
181741,0,POSITIVE,181741,–ü–ª–∞–Ω–µ—Ç–∞,"–ö—Ä–∞—Å–Ω–æ—è—Ä—Å–∫, —É–ª–∏—Ü–∞ 9 –ú–∞—è, 77",5,–¢–æ—Ä–≥–æ–≤—ã–π —Ü–µ–Ω—Ç—Ä;–†–∞–∑–≤–ª–µ–∫–∞—Ç–µ–ª—å–Ω—ã–π —Ü–µ–Ω—Ç—Ä,"–•–æ—Ä–æ—à–∏–π –º–∞–≥–∞–∑–∏–Ω—á–∏–∫, –µ—Å—Ç—å —Ö–æ—Ä–æ—à–∏–µ —Å–∫–∏–¥–∫–∏! –†–∞—Å—à–∏—Ä—è–π—Ç–µ—Å—å, –∞ —Ç–æ —Ç–µ—Å–Ω–æ–≤–∞—Ç–æ!"
181742,0,POSITIVE,181742,–ü–ª–∞–Ω–µ—Ç–∞,"–ö—Ä–∞—Å–Ω–æ—è—Ä—Å–∫, —É–ª–∏—Ü–∞ 9 –ú–∞—è, 77",5,–¢–æ—Ä–≥–æ–≤—ã–π —Ü–µ–Ω—Ç—Ä;–†–∞–∑–≤–ª–µ–∫–∞—Ç–µ–ª—å–Ω—ã–π —Ü–µ–Ω—Ç—Ä,"–í—ã–±–æ—Ä —Ç–æ–≤–∞—Ä–æ–≤ –∏ –º–∞–≥–∞–∑–∏–Ω–æ–≤ –±–æ–ª—å—à–æ–π, –Ω–∞ –ª—é–±–æ–π –≤–∫—É—Å –∏ –∫–æ—à–µ–ª—ë–∫. –ü–∞—Ä–∫–æ–≤–∫–∞ –≤–º–µ—Å—Ç–∏—Ç–µ–ª—å–Ω–∞—è, –ø–æ–¥–∑–µ–º–Ω–∞—è  –∏ –Ω–µ–∑–µ–º–Ω–∞—è. –ï—Å—Ç—å —Ñ—É–¥- –∫–æ—Ä—Ç, —Ä–µ—Å—Ç–æ—Ä–∞–Ω—ã, –∫–∞—Ñ–µ, –∏–≥—Ä–æ–≤—ã–µ —Ü–µ–Ω—Ç—Ä—ã –¥–ª—è –¥–µ—Ç–µ–π. –ö–∏–Ω–æ—Ç–µ–∞—Ç—Ä –Ω–∞ —É—Ä–æ–≤–Ω–µ."
181743,0,POSITIVE,181743,–ü–ª–∞–Ω–µ—Ç–∞,"–ö—Ä–∞—Å–Ω–æ—è—Ä—Å–∫, —É–ª–∏—Ü–∞ 9 –ú–∞—è, 77",4,–¢–æ—Ä–≥–æ–≤—ã–π —Ü–µ–Ω—Ç—Ä;–†–∞–∑–≤–ª–µ–∫–∞—Ç–µ–ª—å–Ω—ã–π —Ü–µ–Ω—Ç—Ä,"- –ë–æ–ª—å—à–æ–π –≤—ã–±–æ—Ä —Ç–æ–≤–∞—Ä–æ–≤, –ø—É—Å—Ç—å –≤ –ø–æ—Å–ª–µ–¥–Ω–µ–µ –≤—Ä–µ–º—è –º–Ω–æ–≥–∏–µ –º–∞–≥–∞–∑–∏–Ω—ã —É—à–ª–∏.\n- –ï—Å—Ç—å –∫–∞–∫ –±–µ—Å–ø–ª–∞—Ç–Ω—ã–π –Ω–∞–¥–∑–µ–º–Ω—ã–π –ø–∞—Ä–∫–∏–Ω–≥, —Ç–∞–∫ –∏ –æ—Ç–Ω–æ—Å–∏—Ç–µ–ª—å–Ω–æ –ø–ª–∞—Ç–Ω—ã–π –ø–æ–¥–∑–µ–º–Ω—ã–π\n- –ü—Ä–∏—Å—É—Ç—Å—Ç–≤—É–µ—Ç –º–Ω–æ–≥–æ –∑–æ–Ω –¥–ª—è –¥–µ—Ç–µ–π, –≤ –æ—Å–æ–±–µ–Ω–Ω–æ—Å—Ç–∏ –Ω–∞ —Ñ—É–¥-–∫–æ—Ä—Ç–µ\n- –ë–æ–ª—å—à–æ–π –∫–∏–Ω–æ—Ç–µ–∞—Ç—Ä, –º–Ω–æ–∂–µ—Å—Ç–≤–æ –∫–∞—Ñ–µ –∏ —Ä–µ—Å—Ç–æ—Ä–∞–Ω–æ–≤\n- –ü—Ä–∏—è—Ç–Ω–∞—è –∞—Ç–º–æ—Å—Ñ–µ—Ä–∞ –∏ —á–∏—Å—Ç–æ—Ç–∞"
181744,0,POSITIVE,181744,–ü–ª–∞–Ω–µ—Ç–∞,"–ö—Ä–∞—Å–Ω–æ—è—Ä—Å–∫, —É–ª–∏—Ü–∞ 9 –ú–∞—è, 77",5,–¢–æ—Ä–≥–æ–≤—ã–π —Ü–µ–Ω—Ç—Ä;–†–∞–∑–≤–ª–µ–∫–∞—Ç–µ–ª—å–Ω—ã–π —Ü–µ–Ω—Ç—Ä,–•–æ—Ä–æ—à–∏–π —Ç–æ—Ä–≥–æ–≤–≤–π —Ü–µ–Ω—Ç—Ä –¥–ª—è –ø–æ–∫—É–ø–æ–∫ –∏ –æ—Ç–¥—ã—Ö–∞. –º–Ω–æ–≥–æ —Ä–∞–∑–ª–∏—á–Ω—ã—Ö –º–∞–≥–∞–∑–∏–Ω–æ–≤. –î–æ—Å—Ç—É–ø–Ω–∞—è –ø–∞—Ä–∫–æ–≤–∫–∞. –ò –µ—Å—Ç—å —á—Ç–æ –≤—ã–±—Ä–∞—Ç—å. –§–∏—Ç–Ω–µ—Å —Å–ø–æ—Ä—Ç–∑–∞–ª —Ö–æ—Ä–æ—à–∏–π.
181745,0,POSITIVE,181745,–ü–ª–∞–Ω–µ—Ç–∞,"–ö—Ä–∞—Å–Ω–æ—è—Ä—Å–∫, —É–ª–∏—Ü–∞ 9 –ú–∞—è, 77",5,–¢–æ—Ä–≥–æ–≤—ã–π —Ü–µ–Ω—Ç—Ä;–†–∞–∑–≤–ª–µ–∫–∞—Ç–µ–ª—å–Ω—ã–π —Ü–µ–Ω—Ç—Ä,"–ë–æ–ª—å—à–æ–π –¢–¶, –º–æ–∂–Ω–æ —Ö–æ–¥–∏—Ç—å –ø–æ –Ω–µ–º—É —Ö–æ—Ç—å —Ü–µ–ª—ã–π –¥–µ–Ω—å, –µ—Å–ª–∏ –Ω—É–∂–Ω–æ) –ù–∞ 1—ç—Ç. —Ö–æ—Ä–æ—à–∏–π —Ñ—É—Ç–∫–æ—Ä—Ç, –≤—ã–±–æ—Ä –µ–¥—ã —Ä–∞–∑–Ω–æ–æ–±—Ä–∞–∑–Ω—ã–π. –í–Ω—É—Ç—Ä–∏ –¢–¶ –Ω–∞—Ö–æ–¥–∏—Ç—Å—è –≥–∏–ø–µ—Ä–º–∞—Ä–∫–µ—Ç –û–ö. –ù–∞ 2—ç—Ç. –µ—Å—Ç—å –∫–∏–Ω–æ—Ç–µ–∞—Ç—Ä –∏ –∑–æ–Ω–∞ –æ—Ç–¥—ã—Ö–∞ –∏ —Ä–∞–∑–≤–ª–µ—á–µ–Ω–∏–π –¥–ª—è –¥–µ—Ç–æ–∫. –¢—É–∞–ª–µ—Ç–Ω—ã–µ –∫–æ–º–Ω–∞—Ç—ã —Å–æ–≤—Ä–µ–º–µ–Ω–Ω—ã–µ, –≤—Å–µ–≥–¥–∞ —á–∏—Å—Ç—ã–µ."
185514,0,POSITIVE,185514,–ü–ª–∞–Ω–µ—Ç–∞,"–°–≤–µ—Ä–¥–ª–æ–≤—Å–∫–∞—è –æ–±–ª–∞—Å—Ç—å, –ï–∫–∞—Ç–µ—Ä–∏–Ω–±—É—Ä–≥, –º–∏–∫—Ä–æ—Ä–∞–π–æ–Ω –≠–ª—å–º–∞—à, —É–ª–∏—Ü–∞ –ö—Ä–∞—Å–Ω—ã—Ö –ö–æ–º–∞–Ω–¥–∏—Ä–æ–≤, 72",4,–ú–∞–≥–∞–∑–∏–Ω –æ–¥–µ–∂–¥—ã;–ú–∞–≥–∞–∑–∏–Ω –æ–±—É–≤–∏,"–í –ø—Ä–∏–Ω—Ü–∏–ø–µ –≤—Å—ë –Ω—Ä–∞–≤–∏—Ç—Å—è. –®–∏—Ä–æ–∫–∏–π –∞—Å—Å–æ—Ä—Ç–∏–º–µ–Ω—Ç. –î–æ–±—Ä–æ–∂–µ–ª–∞—Ç–µ–ª—å–Ω—ã–µ –æ—Ç–∑—ã–≤—á–∏–≤—ã–µ –ø—Ä–æ–¥–∞–≤—Ü—ã. –¶–µ–Ω—ã –≤—ã—Å–æ–∫–æ–≤–∞—Ç—ã–µ –∏, —Ç–∞–∫–æ–µ –æ—â—É—â–µ–Ω–∏–µ, —á—Ç–æ –∞—Å—Å–æ—Ä—Ç–∏–º–µ–Ω—Ç –Ω–µ –º–µ–Ω—è–µ—Ç—Å—è –ø–∞—Ä—É –ª–µ—Ç."
187798,2,POSITIVE,187798,–ü–ª–∞–Ω–µ—Ç–∞,"–ß—É–≤–∞—à—Å–∫–∞—è –†–µ—Å–ø—É–±–ª–∏–∫–∞, –ß–µ–±–æ–∫—Å–∞—Ä—ã, —É–ª–∏—Ü–∞ –ö–æ—Å–º–æ–Ω–∞–≤—Ç–∞ –ê–Ω–¥—Ä–∏—è–Ω–∞ –ì—Ä–∏–≥–æ—Ä—å–µ–≤–∏—á–∞ –ù–∏–∫–æ–ª–∞–µ–≤–∞, 6–í",5,–ö–∞—Ñ–µ;–†–µ—Å—Ç–æ—Ä–∞–Ω,–í—Å—ë –±—ã—Å—Ç—Ä–æ –∏ –≤–∫—É—Å–Ω–æ. –ü–∏—Ä–æ–∂–µ–Ω–∫–∏ –∑–∞—á–µ—Ç!!!
187799,1,POSITIVE,187799,–ü–ª–∞–Ω–µ—Ç–∞,"–ß—É–≤–∞—à—Å–∫–∞—è –†–µ—Å–ø—É–±–ª–∏–∫–∞, –ß–µ–±–æ–∫—Å–∞—Ä—ã, —É–ª–∏—Ü–∞ –ö–æ—Å–º–æ–Ω–∞–≤—Ç–∞ –ê–Ω–¥—Ä–∏—è–Ω–∞ –ì—Ä–∏–≥–æ—Ä—å–µ–≤–∏—á–∞ –ù–∏–∫–æ–ª–∞–µ–≤–∞, 6–í",5,–ö–∞—Ñ–µ;–†–µ—Å—Ç–æ—Ä–∞–Ω,–û—á–µ–Ω—å —É—é—Ç–Ω–æ–µ –º–µ—Å—Ç–æ. –ü—Ä–∏—à–ª–∏ —Å —Å–µ–º—å–µ–π. –ù–∞ 23 —Ñ–µ–≤—Ä–∞–ª—è –±—ã–ª–æ –ø—Ä–∏—è—Ç–Ω—ã–º —Å—é—Ä–ø—Ä–∏–∑–æ–º –ø–æ–ª—É—á–∏—Ç—å –≤ –ø–æ–¥–∞—Ä–æ–∫ –±–æ–∫–∞–ª –ø–∏–≤–∞ –≤–∫—É—Å–Ω–æ–≥–æ. –í–µ–∂–ª–∏–≤—ã–π –ø–µ—Ä—Å–æ–Ω–∞–ª.
187800,2,POSITIVE,187800,–ü–ª–∞–Ω–µ—Ç–∞,"–ß—É–≤–∞—à—Å–∫–∞—è –†–µ—Å–ø—É–±–ª–∏–∫–∞, –ß–µ–±–æ–∫—Å–∞—Ä—ã, —É–ª–∏—Ü–∞ –ö–æ—Å–º–æ–Ω–∞–≤—Ç–∞ –ê–Ω–¥—Ä–∏—è–Ω–∞ –ì—Ä–∏–≥–æ—Ä—å–µ–≤–∏—á–∞ –ù–∏–∫–æ–ª–∞–µ–≤–∞, 6–í",5,–ö–∞—Ñ–µ;–†–µ—Å—Ç–æ—Ä–∞–Ω,"–í–µ–ª–∏–∫–æ–ª–µ–ø–Ω–æ–µ –∫–∞—Ñ–µ. –û–±—è–∑–∞—Ç–µ–ª—å–Ω–æ –¥–ª—è –ø–æ—Å–µ—â–µ–Ω–∏—è. –û—Ç–ª–∏—á–Ω—ã–π —Å–µ—Ä–≤–∏—Å, –æ—á–µ–Ω—å –Ω–∏–∑–∫–∏–µ —Ü–µ–Ω—ã (–¥–ª—è —Ç–∞–∫–æ–≥–æ —É—Ä–æ–≤–Ω—è –∏ –≤–∫—É—Å–∞), –æ—á–µ–Ω—å –∫—Ä–∞—Å–∏–≤—ã–µ –±–ª—é–¥–∞, –∏ –æ—á–µ–Ω—å –≤–∫—É—Å–Ω–æ. –ë–∏–∑–Ω–µ—Å –ª–∞–Ω—á 350-400 —Ä—É–±–ª–µ–π, –ø—Ä–∏ —ç—Ç–æ–º —Å–∞–ª–∞—Ç, –ø–µ—Ä–≤–æ–µ, –≤—Ç–æ—Ä–æ–µ –∏ –Ω–∞–ø–∏—Ç–æ–∫, ( –æ—á–µ–Ω—å –≤–∫—É—Å–Ω–æ –∏ –∫—Ä–∞—Å–∏–≤–æ). –ü—Ä–∏—è—Ç–Ω—ã–π –¥–∏–∑–∞–π–Ω –∏–Ω—Ç–µ—Ä—å–µ—Ä–∞ –≤ —Å—Ç–∏–ª–µ –∫–ª–∞—Å—Å–∏–∫–∞ –ï–≤—Ä–æ–ø–∞. –ò–º–µ–µ—Ç—Å—è –∫–æ–Ω–¥–∏—Ç–µ—Ä—Å–∫–∞—è, –≥–¥–µ –º–æ–∂–Ω–æ —Å—Ä–∞–∑—É –≤—ã–ø–∏—Ç—å —á–∞–π –∫–æ—Ñ–µ –∏ —Å—ä–µ—Å—Ç—å –ø–∏—Ä–æ–∂–Ω–æ–µ, –∫—É—Å–æ—á–µ–∫ —Ç–æ—Ä—Ç–∏–∫–∞. –†—è–¥–æ–º –∑–∞–ª –¥–ª—è –ø–æ–∫—É–ø–∫–∏ –∏ –∑–∞–∫–∞–∑–∞ —Ç–æ—Ä—Ç–æ–≤. –ò–º–µ–µ—Ç—Å—è –ø–∞—Ä–∫–æ–≤–∫–∞, —Ä—è–¥–æ–º –ø–∞—Ä–∫ –ù–∏–∫–æ–ª–∞–µ–≤–∞. –û—á–µ–Ω—å —Å–æ–≤–µ—Ç—É—é, –Ω–µ –ø–æ–∂–∞–ª–µ–µ—Ç–µ. –° –¥–µ—Ç—å–º–∏ —Ç–∞–∫ –∂–µ –æ—á–µ–Ω—å —É–¥–æ–±–Ω–æ."
187801,2,POSITIVE,187801,–ü–ª–∞–Ω–µ—Ç–∞,"–ß—É–≤–∞—à—Å–∫–∞—è –†–µ—Å–ø—É–±–ª–∏–∫–∞, –ß–µ–±–æ–∫—Å–∞—Ä—ã, —É–ª–∏—Ü–∞ –ö–æ—Å–º–æ–Ω–∞–≤—Ç–∞ –ê–Ω–¥—Ä–∏—è–Ω–∞ –ì—Ä–∏–≥–æ—Ä—å–µ–≤–∏—á–∞ –ù–∏–∫–æ–ª–∞–µ–≤–∞, 6–í",5,–ö–∞—Ñ–µ;–†–µ—Å—Ç–æ—Ä–∞–Ω,"–û—Ç–ª–∏—á–Ω–æ–µ –∫–∞—Ñ–µ, –º–Ω–æ–≥–æ –ª–µ—Ç –ø–æ–¥—Ä—è–¥ —Ö–æ–¥–∏–º –∏ –ø–æ–∫—É–ø–∞–µ–º –∑–¥–µ—Å—å –ø–∏—Ä–æ–∂–µ–Ω–∫–∏ —ç—Ç–æ –∏ –∫–æ—Ä–∑–∏–Ω–æ—á–∫–∏, —ç–∫–ª–µ—Ä—ã –∏ —Ç–æ—Ä—Ç–∏–∫ ""–ò–ª–ª—é–∑–∏—è"" –≤—Å–µ–≥–¥–∞ –≤—Å–µ –æ—á–µ–Ω—å —Å–≤–µ–∂–µ–µ –∏ –≤–∫—É—Å–Ω–æ–µ. –í –∑–∞–ª–µ –º–æ–∂–Ω–æ —Å –¥–µ—Ç—å–º–∏ –ø–æ—Å–∏–¥–µ—Ç—å –∏ –º–µ—Å—Ç–∞ –≤—Å–µ–≥–¥–∞ –µ—Å—Ç—å"
187802,0,POSITIVE,187802,–ü–ª–∞–Ω–µ—Ç–∞,"–ß—É–≤–∞—à—Å–∫–∞—è –†–µ—Å–ø—É–±–ª–∏–∫–∞, –ß–µ–±–æ–∫—Å–∞—Ä—ã, —É–ª–∏—Ü–∞ –ö–æ—Å–º–æ–Ω–∞–≤—Ç–∞ –ê–Ω–¥—Ä–∏—è–Ω–∞ –ì—Ä–∏–≥–æ—Ä—å–µ–≤–∏—á–∞ –ù–∏–∫–æ–ª–∞–µ–≤–∞, 6–í",5,–ö–∞—Ñ–µ;–†–µ—Å—Ç–æ—Ä–∞–Ω,"–û—Ç–ª–∏—á–Ω–æ –ø—Ä–æ–≤–µ–ª–∏ –≤–µ—á–µ—Ä —Å —Ä–µ–±–µ–Ω–∫–æ–º, –ø—Ä–∏—è—Ç–Ω–∞—è –∞—Ç–º–æ—Å—Ñ–µ—Ä–∞, –¥–µ–ª–∏–∫–∞—Ç–Ω–æ–µ –æ–±—Å–ª—É–∂–∏–≤–∞–Ω–∏–µ –∏ –≤–∫—É—Å–Ω—ã–π —É–∂–∏–Ω. –¢–æ–ª—å–∫–æ –ø—Ä–∏—è—Ç–Ω—ã–µ –º–æ–º–µ–Ω—Ç—ã —Å —ç—Ç–∏–º  –∑–∞–≤–µ–¥–µ–Ω–∏–µ–º!"
187803,2,NEGATIVE,187803,–ü–ª–∞–Ω–µ—Ç–∞,"–ß—É–≤–∞—à—Å–∫–∞—è –†–µ—Å–ø—É–±–ª–∏–∫–∞, –ß–µ–±–æ–∫—Å–∞—Ä—ã, —É–ª–∏—Ü–∞ –ö–æ—Å–º–æ–Ω–∞–≤—Ç–∞ –ê–Ω–¥—Ä–∏—è–Ω–∞ –ì—Ä–∏–≥–æ—Ä—å–µ–≤–∏—á–∞ –ù–∏–∫–æ–ª–∞–µ–≤–∞, 6–í",2,–ö–∞—Ñ–µ;–†–µ—Å—Ç–æ—Ä–∞–Ω,"–ü—Ä–∏—à–ª–∏ –≤ –∑–∞–≤–µ–¥–µ–Ω–∏–µ –¥–ª—è –ø—Ä–∞–∑–¥–Ω–æ–≤–∞–Ω–∏—è –¥–Ω—è —Ä–æ–∂–¥–µ–Ω–∏—è –¥–æ—á–µ—Ä–∏. –ö—É–ø–∏–ª–∏ —Ç–æ—Ä—Ç –≤ –∫–æ–Ω–¥–∏—Ç–µ—Ä—Å–∫–æ–π –≤ —Ü–æ–∫–æ–ª–µ –∏ –ø—Ä–∏—Å–µ–ª–∏ –∑–∞ —Å—Ç–æ–ª –≤ –∫–∞—Ñ–µ –Ω–∞ 1-–º —ç—Ç–∞–∂–µ. –ó–∞–∫–∞–∑–∞–ª–∏ –µ–¥—É.\n–ù–∞ –≤–æ–ø—Ä–æ—Å, –º–æ–∂–Ω–æ –ª–∏ –æ—Ç–∫—Ä—ã—Ç—å —Ç–æ—Ä—Ç? –ü–æ–ª—É—á–∏–ª–∏ –æ—Ç–≤–µ—Ç, —á—Ç–æ –Ω–µ—Ç! \n–¢–∞–∫–∏—Ö –º–∞–ª–µ–Ω—å–∫–∏—Ö –ø–æ—Ä—Ü–∏–π —è –µ—â—ë –Ω–µ –≤–∏–¥–µ–ª!!! –ó–∞—Ç–æ —Ä–∞–∑–º–µ—Ä—ã —Ç–∞—Ä–µ–ª–æ–∫ –≤–ø–µ—á–∞—Ç–ª—è—é—â–∏!!!\n–°–∫–∏–¥–æ–∫ –≤ –¥–µ–Ω—å —Ä–æ–∂–¥–µ–Ω–∏—è –Ω–µ—Ç! \n–î–µ—Ç—Å–∫–æ–π –∫–æ–º–Ω–∞—Ç—ã –Ω–µ—Ç!\n–¢—É–∞–ª–µ—Ç –æ–¥–∏–Ω! –ü—Ä–∏—Ö–æ–¥–∏—Ç—Å—è –∂–¥–∞—Ç—å.\n–ö–∞—Ñ–µ –∞–±—Å–æ–ª—é—Ç–Ω–æ –ù–ï –∫–ª–∏–µ–Ω—Ç–æ–æ—Ä–∏–µ–Ω—Ç–∏—Ä–æ–≤–∞–Ω–æ!!!\n–¢–æ—Ä—Ç—ã –≤–∫—É—Å–Ω—ã–µ, –ø–æ—ç—Ç–æ–º—É 2 –∑–≤–µ–∑–¥—ã , –∞ –Ω–µ 1!!!\n–í —Å–∞–º–æ –∫–∞—Ñ–µ –±–æ–ª—å—à–µ –Ω–∏ –Ω–æ–≥–æ–π, —Ç–æ—Ä—Ç—ã –∑–∞–∫–∞–∑—ã–≤–∞—Ç—å –±—É–¥—É! \n–î–æ—Ä–æ–≥–æ, –Ω–æ –≤–∫—É—Å–Ω–æ..."
187804,2,NEGATIVE,187804,–ü–ª–∞–Ω–µ—Ç–∞,"–ß—É–≤–∞—à—Å–∫–∞—è –†–µ—Å–ø—É–±–ª–∏–∫–∞, –ß–µ–±–æ–∫—Å–∞—Ä—ã, —É–ª–∏—Ü–∞ –ö–æ—Å–º–æ–Ω–∞–≤—Ç–∞ –ê–Ω–¥—Ä–∏—è–Ω–∞ –ì—Ä–∏–≥–æ—Ä—å–µ–≤–∏—á–∞ –ù–∏–∫–æ–ª–∞–µ–≤–∞, 6–í",4,–ö–∞—Ñ–µ;–†–µ—Å—Ç–æ—Ä–∞–Ω,"–ß–∞—Å—Ç–æ –±—ã–≤–∞—é –≤ —ç—Ç–æ–π –∫–æ–Ω–¥–∏—Ç–µ—Ä—Å–∫–æ–π. –í—Å–µ–≥–¥–∞ –º–Ω–æ–≥–æ –ø–æ—Å–µ—Ç–∏—Ç–µ–ª–µ–π. –†–∞–±–æ—Ç–∞—é—Ç –∫–∞–∫ –¥–ª—è –ø–æ—Å–∞–¥–æ—á–Ω—ã—Ö –º–µ—Å—Ç, —Ç–∞–∫ –∏ –Ω–∞ –≤—ã–Ω–æ—Å. –ò–Ω–æ–≥–¥–∞ –Ω–µ—Ç –º–µ—Å—Ç–∞, —á—Ç–æ–±—ã –ø—Ä–∏—Å–µ—Å—Ç—å. –°–æ—Ç—Ä—É–¥–Ω–∏–∫–∏ —Ä–∞–±–æ—Ç–∞—é—Ç –±—ã—Å—Ç—Ä–æ, —Å–ª–∞–∂–µ–Ω–Ω–æ, –æ—á–µ—Ä–µ–¥—å –Ω–µ –∑–∞–¥–µ—Ä–∂–∏–≤–∞–µ—Ç—Å—è.\n–í –∫–æ–Ω–¥–∏—Ç–µ—Ä—Å–∫–æ–π –±–æ–ª—å—à–æ–π –≤—ã–±–æ—Ä –ø–∏—Ä–æ–∂–Ω—ã—Ö, –µ—Å—Ç—å –±—É—Ç–µ—Ä–±—Ä–æ–¥—ã, –ø–∏—Ü—Ü–∞, –Ω–æ –±–µ—Ä—É —Ç–æ–ª—å–∫–æ –Ω–µ—Å–∫–æ–ª—å–∫–æ –ø–æ–∑–∏—Ü–∏–π, —Ç–∞–∫ –∫–∞–∫ –æ—Å—Ç–∞–ª—å–Ω—ã–µ –≤—Å–µ –æ—á–µ–Ω—å –ø—Ä–∏—Ç–æ—Ä–Ω–æ —Å–ª–∞–¥–∫–∏–µ. –î–∞–∂–µ –¥–µ—Ç–∏ –≥–æ–≤–æ—Ä—è—Ç ""–ö–∞–∫ —ç—Ç–æ –º–æ–∂–Ω–æ –µ—Å—Ç—å?"" –∏ –Ω–µ –¥–æ–µ–¥–∞—é—Ç. –ü–∏—Ü—Ü–∞ –Ω–µ–∫—Ä–∞—Å–∏–≤–∞—è, –∫–∞–∫–∞—è-—Ç–æ –æ–±–º—è–∫—à–∞—è, –∫–∞–∫ –±—É–¥—Ç–æ –µ–µ –≤–µ–∑–ª–∏ –∑–∞ —Ç—Ä–∏–¥–µ–≤—è—Ç—å –∑–µ–º–µ–ª—å. –û—á–µ–Ω—å –∫—Ä–∞—Å–∏–≤—ã–µ —Ç–æ—Ä—Ç—ã, –ø–æ –≤–Ω–µ—à–Ω–µ–º—É –≤–∏–¥—É –¥–ª—è —Ç–æ—Ä–∂–µ—Å—Ç–≤ –≤–µ–ª–∏–∫–æ–ª–µ–ø–Ω—ã. –í –∫–∞—Ñ–µ –µ—Å—Ç—å –∏–Ω—Ñ–æ—Ä–º–∞—Ü–∏—è, —á—Ç–æ –∫–æ–Ω–¥–∏—Ç–µ—Ä—ã –∑–∞–Ω–∏–º–∞—é—Ç –ø—Ä–∏–∑–æ–≤—ã–µ –º–µ—Å—Ç–∞ –≤ –ø—Ä–æ—Ñ–µ—Å—Å–∏–æ–Ω–∞–ª—å–Ω—ã—Ö –∫–æ–Ω–∫—É—Ä—Å–∞—Ö. –ö—Å—Ç–∞—Ç–∏, –¥–∞–≤–Ω–æ —Å–µ–±–µ –Ω–µ –∑–∞–∫–∞–∑—ã–≤–∞–ª–∏ —Ç–æ—Ä—Ç—ã, –ø–æ—ç—Ç–æ–º—É –Ω–µ —Å–º–æ–≥—É –æ–ø–∏—Å–∞—Ç—å –≤–∫—É—Å –∏–ª–∏ –Ω–∞—á–∏–Ω–∫–∏.\n–í —Å–∞–Ω–∏—Ç–∞—Ä–Ω–æ–π –∑–æ–Ω–µ –≤ —Ä–∞–∫–æ–≤–∏–Ω–µ —Ç–µ—á–µ—Ç –≤–æ–¥–∞ —Ç–æ–Ω–∫–æ–π —Å—Ç—Ä—É–µ–π –Ω–µ–ø–æ–Ω—è—Ç–Ω–æ–π —Ä–∞–Ω–µ–µ –Ω–∞—Å—Ç—Ä–æ–µ–Ω–Ω–æ–π —Ç–µ–º–ø–µ—Ä–∞—Ç—É—Ä—ã, –∞ —ç—Ç–æ –º–∏–Ω—É—Å. –£–∂ –ø—Ä–∏ —Ç–∞–∫–æ–π –ø–æ—Å–µ—â–∞–µ–º–æ—Å—Ç–∏ –∏ –∑–∞–ø–æ–ª–Ω–µ–Ω–Ω–æ—Å—Ç–∏ –∫–∞—Ñ–µ, –º–æ–∂–Ω–æ –±—ã–ª–æ –±—ã –Ω–æ—Ä–º–∞–ª—å–Ω–æ –≤–∫–ª—é—á–∏—Ç—å –≤–æ–¥—É, –∞ –Ω–µ ""–ø–µ—Ä–µ–∂–∏–º–∞—Ç—å"" –µ–µ, –≤—Å—ë-—Ç–∞–∫–∏ –¥–µ—Ç–∏ —Ç–æ–∂–µ –º–æ—é—Ç —Ä—É–∫–∏! –ò–º–µ–µ—Ç—Å—è –¥–æ–∑–∞—Ç–æ—Ä —Å –∂–∏–¥–∫–∏–º –º—ã–ª–æ–º, –µ—Å—Ç—å —Ç—É–∞–ª–µ—Ç–Ω–∞—è –±—É–º–∞–≥–∞.\n–ò–Ω—Ç–µ—Ä—å–µ—Ä —Å–∏–º–ø–∞—Ç–∏—á–Ω—ã–π, –≤ —Å—Ç–∏–ª–µ ""–ø—Ä–æ–≤–∞–Ω—Å"".\n–í —Ü–µ–ª–æ–º, –±–ª–∞–≥–æ–ø—Ä–∏—è—Ç–Ω–æ–µ –≤–ø–µ—á–∞—Ç–ª–µ–Ω–∏–µ –æ—Å—Ç–∞–µ—Ç—Å—è –æ—Ç —ç—Ç–æ–π –∫–æ–Ω–¥–∏—Ç–µ—Ä—Å–∫–æ–π, –Ω–æ –º–∏–Ω—É—Å—ã –µ—Å—Ç—å."
187805,2,POSITIVE,187805,–ü–ª–∞–Ω–µ—Ç–∞,"–ß—É–≤–∞—à—Å–∫–∞—è –†–µ—Å–ø—É–±–ª–∏–∫–∞, –ß–µ–±–æ–∫—Å–∞—Ä—ã, —É–ª–∏—Ü–∞ –ö–æ—Å–º–æ–Ω–∞–≤—Ç–∞ –ê–Ω–¥—Ä–∏—è–Ω–∞ –ì—Ä–∏–≥–æ—Ä—å–µ–≤–∏—á–∞ –ù–∏–∫–æ–ª–∞–µ–≤–∞, 6–í",5,–ö–∞—Ñ–µ;–†–µ—Å—Ç–æ—Ä–∞–Ω,"–í –¥–∞–Ω–Ω–æ–µ –∫–∞—Ñ–µ —Ö–æ–∂—É –æ—á–µ–Ω—å –º–Ω–æ–≥–æ –ª–µ—Ç, –Ω—Ä–∞–≤–∏—Ç—Å—è: —É–¥–æ–±–Ω–æ–µ —Ä–∞—Å–ø–æ–ª–æ–∂–µ–Ω–∏–µ, –∞—Å—Å–æ—Ä—Ç–∏–º–µ–Ω—Ç –∫–æ–Ω–¥–∏—Ç–µ—Ä—Å–∫–∏—Ö –∏–∑–¥–µ–ª–∏–π, –≤—Å–µ–≥–¥–∞ –≤—Å–µ —Å–≤–µ–∂–µ–µ, –ø–µ—Ä—Å–æ–Ω–∞–ª –≤–µ–∂–ª–∏–≤—ã–π, –æ–±—Å–ª—É–∂–∏–≤–∞—é—Ç –±—ã—Å—Ç—Ä–æ,—Å–ø–∞—Å–∏–±–æ"
202317,1,POSITIVE,202317,–ü–ª–∞–Ω–µ—Ç–∞,"–†–µ—Å–ø—É–±–ª–∏–∫–∞ –ö—Ä—ã–º, –ï–≤–ø–∞—Ç–æ—Ä–∏—è, —É–ª–∏—Ü–∞ –ö–æ—Å–∏—Ü–∫–æ–≥–æ, 29/73",4,–ö–æ–Ω—Ñ–µ—Ä–µ–Ω—Ü-–∑–∞–ª;–ö–æ–Ω—Ü–µ—Ä—Ç–Ω—ã–π –∑–∞–ª,"–û—á–µ–Ω—å –¥–æ—Å—Ç–æ–π–Ω—ã–π —Å–∞–Ω–∞—Ç–æ—Ä–∏–π. –ù–æ–º–µ—Ä–∞ –Ω–µ–±–æ–ª—å—à–∏–µ, –Ω–æ —É–¥–æ–±–Ω—ã–µ. –ï—Å—Ç—å –ª–æ–¥–∂–∏—è. –°–∞–Ω—Ç–µ—Ö–Ω–∏–∫–∞ —Ä–∞–±–æ—á–∞—è. –°–∞–Ω—É–∑–µ–ª –≤ –ø—Ä–∏–ª–∏—á–Ω–æ–º —Å–æ—Å—Ç–æ—è–Ω–∏–∏. –ü–æ –ø—Ä–æ—Å—å–±–µ –≤—ã–¥–∞–ª–∏ —Ç–∞–∑–∏–∫ –¥–ª—è –ø–æ—Å—Ç–∏—Ä—É—à–µ–∫. –ñ–∞–ª–∫–æ, —á—Ç–æ –Ω–µ—Ç —á–∞–π–Ω–∏–∫–∞ –≤ –Ω–æ–º–µ—Ä–µ –∏ —Ñ–µ–Ω–∞. –ò –æ–¥–∏–Ω –∫—É–ª–µ—Ä –Ω–∞ —Ü–µ–ª—ã–π —ç—Ç–∞–∂... –º–∞–ª–æ–≤–∞—Ç–æ. –ö–æ—Ä–º–∏–ª–∏ –ø—Ä–∏–ª–∏—á–Ω–æ. –û–¥–Ω–æ–æ–±—Ä–∞–∑–Ω—ã–µ –∑–∞–≤—Ç—Ä–∞–∫–∏ –Ω–∞–ø—Ä—è–≥–∞–ª–∏, –Ω–æ –æ–±–µ–¥—ã –∏ —É–∂–∏–Ω—ã –±—ã–ª–∏ –ø—Ä–µ–∫—Ä–∞—Å–Ω—ã–µ. –†–∞–∑–Ω–æ–æ–±—Ä–∞–∑–Ω—ã–µ –ø—Ä–æ—Ü–µ–¥—É—Ä—ã, –∫–æ—Ç–æ—Ä—ã–µ –ø—Ä–æ–≤–æ–¥—è—Ç –æ—á–µ–Ω—å –ø—Ä–∏—è—Ç–Ω—ã–µ –º–µ–¥—Å–µ—Å—Ç—Ä—ã. –í—Å–µ–≥–¥–∞ –≤–æ–π–¥—É—Ç –≤ –ø–æ–ª–æ–∂–µ–Ω–∏–µ, –µ—Å–ª–∏ –∏–º –Ω–µ —Ö–∞–º–∏—Ç—å. –ü—Ä–µ–∫—Ä–∞—Å–Ω—ã–π –æ—Ç–∫—Ä—ã—Ç—ã–π –±–∞—Å—Å–µ–π–Ω —Å –º–∏–Ω–µ—Ä–∞–ª–∏–∑–æ–≤–∞–Ω–æ–π –≤–æ–¥–æ–π. –û—á–µ–Ω—å –ø–æ–Ω—Ä–∞–≤–∏–ª–æ—Å—å! –ò —Ä–∞–±–æ—Ç–∞–µ—Ç —Å 9 —É—Ç—Ä–∞ –¥–æ 9 –≤–µ—á–µ—Ä–∞. –ê –æ–≥—Ä–æ–º–Ω—ã–π –≤–µ–ª–∏–∫–æ–ª–µ–ø–Ω—ã–π –ø–∞—Ä–∫ –Ω–∞ —Ç–µ—Ä—Ä–∏—Ç–æ—Ä–∏–∏ ! –≠—Ç–æ –∂–µ —Å–∫–∞–∑–∫–∞! –î–∞–∂–µ –æ—Ä–∞–Ω–∂–µ—Ä–µ—è –µ—Å—Ç—å! –ò —Ç—É–¥–∞ –º–æ–∂–Ω–æ –ø—Ä–æ–∏—Ç–∏ –ø–æ—Å–º–æ—Ç—Ä–µ—Ç—å –∏ –≤–¥–æ—Ö–Ω—É—Ç—å –∞—Ä–æ–º–∞—Ç —Ü–≤–µ—Ç—É—â–µ–≥–æ –ª–∏–º–æ–Ω–∞! –°–ø–∞—Å–∏–±–æ –æ–≥—Ä–æ–º–Ω–æ–µ –õ—é–¥–º–∏–ª–µ –õ–µ–æ–Ω–∏–¥–æ–≤–Ω–µ. –ü—Ä–µ–∫—Ä–∞—Å–Ω–∞—è –±–µ—Å–ø–ª–∞—Ç–Ω–∞—è —ç–∫—Å–∫—É—Ä—Å–∏—è –ø–æ –ø–∞—Ä–∫—É –±—ã–ª–∞ –ø—Ä–æ–≤–µ–¥–µ–Ω–∞ –ê–Ω–¥—Ä–µ–µ–º –ë–æ–Ω–¥–∞—Ä–µ–º. –Ø—Ä–∫–æ, —á–µ—Ç–∫–æ, –∏–Ω—Ç–µ—Ä–µ—Å–Ω–æ –ê–Ω–¥—Ä–µ–π —Ä–∞—Å—Å–∫–∞–∑–∞–ª –æ —Ä–∞—Å—Ç–µ–Ω–∏—è—Ö –∏ –∏—Ö –≤–∑–∞–∏–º–æ—Å–≤—è–∑—å —Å –ø—Ç–∏—Ü–∞–º–∏. –î–∞, –µ—â–µ –µ—Å—Ç—å –±–µ–ª—ã–µ –∏ —á–µ—Ä–Ω—ã–µ –ª–µ–±–µ–¥–∏, –ø–∞–≤–ª–∏–Ω—ã, –æ–≥—Ä–æ–º–Ω—ã–µ –≥–æ–ª—É–±–∏ –∏ –±–µ–ª–∫–∏. –ò –¥–µ—Ç—Å–∫–∞—è –ø–ª–æ—â–∞–¥–∫–∞ –Ω–µ –Ω–∞ —Å–æ–ª–Ω—Ü–µ–ø–µ–∫–µ! –†–∞—Å–ø–æ–ª–æ–∂–µ–Ω–∏–µ —É–¥–∞—á–Ω–æ–µ.20 –º–∏–Ω—É—Ç  –¥–æ –º–æ—Ä—è –∏ 20 –º–∏–Ω—É—Ç –¥–æ —Ü–µ–Ω—Ç—Ä–∞, 15 –º–∏–Ω—É—Ç –¥–æ —Ä—ã–Ω–∫–∞ –∏10 –º–∏–Ω—É—Ç –¥–æ –æ–∑–µ—Ä–∞ –ú–æ–π–Ω–∞–∫–∏.  –î–æ –∂–¥ –≤–æ–∫–∑–∞–ª–∞ 10 –º–∏–Ω—É—Ç –Ω–∞ –º–∞—à–∏–Ω–µ."
205941,0,POSITIVE,205941,–ü–ª–∞–Ω–µ—Ç–∞,"–°–∞—Ä–∞—Ç–æ–≤—Å–∫–∞—è –æ–±–ª–∞—Å—Ç—å, –ë–∞–ª–∞–∫–æ–≤–æ, –°–∞—Ä–∞—Ç–æ–≤—Å–∫–æ–µ —à–æ—Å—Å–µ, 58",5,–ú–∞–≥–∞–∑–∏–Ω –æ–¥–µ–∂–¥—ã,"–û—Ç–ª–∏—á–Ω—ã–π –º–∞–≥–∞–∑–∏–Ω,–æ–≥—Ä–æ–º–Ω—ã–π –≤—ã–±–æ—Ä —Ç–æ–≤–∞—Ä–æ–≤ –ø–æ –Ω–∏–∑–∫–∏–º —Ü–µ–Ω–∞–º, –æ—á–µ–Ω—å —É–¥–æ–±–Ω–æ –¥–ª—è –≤—Å–µ–π —Å–µ–º—å–∏ ,–ø–æ—Å—Ç–æ—è–Ω–Ω–æ–µ –æ–±–Ω–æ–≤–ª–µ–Ω–∏–µ —Ç–æ–≤–∞—Ä–∞,–æ—Ç–ª–∏—á–Ω–∞—è —Ü–µ–Ω–∞ –∏ –∫–∞—á–µ—Å—Ç–≤–æ —Ç–æ–≤–∞—Ä–∞,–≤—Å–µ–º —Ä–µ–∫–æ–º–µ–Ω–¥—É—é –ø–æ—Å–µ—Ç–∏—Ç—å —ç—Ç–æ—Ç –º–∞–≥–∞–∑–∏–Ω!!!!"
219654,1,POSITIVE,219654,–ü–ª–∞–Ω–µ—Ç–∞,"–†–µ—Å–ø—É–±–ª–∏–∫–∞ –ö—Ä—ã–º, –Ø–ª—Ç–∞, –ö—Ä–∞—Å–Ω–æ–∞—Ä–º–µ–π—Å–∫–∏–π –≤—ä–µ–∑–¥, 2",5,–°—Ç–æ–º–∞—Ç–æ–ª–æ–≥–∏—á–µ—Å–∫–∞—è –∫–ª–∏–Ω–∏–∫–∞,"–û—Ç–ª–∏—á–Ω–∞—è –∫–ª–∏–Ω–∏–∫–∞! –ó–¥–µ—Å—å —Ä–∞–±–æ—Ç–∞—é—Ç –ø—Ä–æ—Ñ–µ—Å—Å–∏–æ–Ω–∞–ª—ã —Å–≤–æ–µ–≥–æ –¥–µ–ª–∞: –∫–≤–∞–ª–∏—Ñ–∏—Ü–∏—Ä–æ–≤–∞–Ω–Ω—ã–µ –¥–æ–∫—Ç–æ—Ä–∞ –∏ –∞—Å—Å–∏—Å—Ç–µ–Ω—Ç—ã, –ø—Ä–∏–≤–µ—Ç–ª–∏–≤—ã–µ –∞–¥–º–∏–Ω–∏—Å—Ç—Ä–∞—Ç–æ—Ä—ã.\n–ë–æ–ª—å—à–æ–µ —Å–ø–∞—Å–∏–±–æ –ö–æ—á–∫–∏–Ω–æ–π –ï–ª–µ–Ω–µ –í–ª–∞–¥–∏–º–∏—Ä–æ–≤–Ω–µ –∑–∞ –≤–Ω–∏–º–∞—Ç–µ–ª—å–Ω–æ–µ –æ—Ç–Ω–æ—à–µ–Ω–∏–µ –∏ –∫–∞—á–µ—Å—Ç–≤–µ–Ω–Ω–æ –æ–∫–∞–∑–∞–Ω–Ω—É—é –ø–æ–º–æ—â—å!\n–†–µ–∫–æ–º–µ–Ω–¥—É—é –∫–ª–∏–Ω–∏–∫—É ""–ü–ª–∞–Ω–µ—Ç–∞"" –≤—Å–µ–º –∂–∏—Ç–µ–ª—è–º –∏ –≥–æ—Å—Ç—è–º –≥. –Ø–ª—Ç–∞! "
219655,1,POSITIVE,219655,–ü–ª–∞–Ω–µ—Ç–∞,"–†–µ—Å–ø—É–±–ª–∏–∫–∞ –ö—Ä—ã–º, –Ø–ª—Ç–∞, –ö—Ä–∞—Å–Ω–æ–∞—Ä–º–µ–π—Å–∫–∏–π –≤—ä–µ–∑–¥, 2",5,–°—Ç–æ–º–∞—Ç–æ–ª–æ–≥–∏—á–µ—Å–∫–∞—è –∫–ª–∏–Ω–∏–∫–∞,"–ë–ª–∞–≥–æ–¥–∞—Ä—è –ê–Ω–∏—Ñ–µ –ù—É—Ä–∏–µ–≤–Ω–µ üëè üôè\n–º–æ–∏ –¥–µ—Ç–∏ —Å –ª—ë–≥–∫–æ—Å—Ç—å—é –ø–µ—Ä–µ–Ω–æ—Å—è—Ç –ª–µ—á–µ–Ω–∏–µ –∑—É–±–æ–≤. \n–ê –∫–æ–≥–¥–∞ –º–ª–∞–¥—à–µ–π –¥–æ—á–µ—Ä–∏ –≥–æ–≤–æ—Ä–∏—à—å,—á—Ç–æ –∏–¥—ë–º –∫ –ó—É–±–Ω–æ–º—É –¥–æ–∫—Ç–æ—Ä—É –ê–Ω–∏—Ñ–µ - —Ä–∞–¥—É–µ—Ç—Å—è , —á—Ç–æ –±—É–¥—É—Ç –ø–æ–¥–∞—Ä–∫–∏. \n–í—á–µ—Ä–∞ –Ω–∞—à –≤–∏–∑–∏—Ç –±—ã–ª –∏–Ω—Ç–µ—Ä–µ—Å–µ–Ω —Ç–µ–º , —á—Ç–æ –¥–æ—á—å –Ω–µ –∑–∞–º–µ—Ç–∏–ª–∞ –∫–æ–≥–¥–∞ –µ–π –≤—ã—Ä–≤–∞–ª–∏ –∑—É–± ), –∏ –º–Ω–æ–≥–æ –ø—Ä–∏—è—Ç–Ω—ã—Ö –ø–æ–¥–∞—Ä–∫–æ–≤ –¥–æ—á–µ—Ä–∏ : –º—ã—à–∫–∞ —Å —Å–µ–∫—Ä–µ—Ç–æ–º( –≤—ã—Ä–≤–∞–Ω–Ω—ã–π –∑—É–±–∏–∫) , –±—Ä–∞—Å–ª–µ—Ç, –∫–æ–ª–µ—á–∫–æ –∏ –ø–æ–º–Ω–∏—Ç —Å –ø—Ä–æ—à–ª—ã—Ö –≤–∏–∑–∏—Ç–æ–≤ , —á—Ç–æ –∫–æ–≥–¥–∞ –∑–∞–º–æ—Ä–æ–∑–∫—É –¥–µ–ª–∞—é—Ç - —É–≥–æ—â–µ–Ω–∏–µ —á—É–ø—Å ))\n–£—Å–ª—ã—à–∞–≤ –æ—Ç –º–µ–Ω—è:-—á–µ—Ä–µ–∑ –Ω–µ–¥–µ–ª—é –≤–µ—Ä–Ω—ë–º—Å—è —É–¥–∞–ª—è—Ç—å –≤—Ç–æ—Ä–æ–π –∑—É–±–∏–∫\n-—É—Ä–∞!, -—Ä–µ–∞–∫—Ü–∏—è –¥–æ—á–µ—Ä–∏ \n–ú–æ–∏ –æ—â—É—â–µ–Ω–∏—è- —ç—Ç–æ –Ω–µ –Ω–µ—Ä–≤–æ–∑–Ω—ã–π –≤–∏–∑–∏—Ç –∫ —Å—Ç–æ–º–∞—Ç–æ–ª–æ–≥—É, –∞ –æ—á–µ—Ä–µ–¥–Ω–æ–π –î–µ—Ç—Å–∫–∏–π –ø—Ä–∞–∑–¥–Ω–∏–∫ ü•≥"
219656,1,POSITIVE,219656,–ü–ª–∞–Ω–µ—Ç–∞,"–†–µ—Å–ø—É–±–ª–∏–∫–∞ –ö—Ä—ã–º, –Ø–ª—Ç–∞, –ö—Ä–∞—Å–Ω–æ–∞—Ä–º–µ–π—Å–∫–∏–π –≤—ä–µ–∑–¥, 2",5,–°—Ç–æ–º–∞—Ç–æ–ª–æ–≥–∏—á–µ—Å–∫–∞—è –∫–ª–∏–Ω–∏–∫–∞,"–ö–ª–∏–Ω–∏–∫–∞ –æ—Ç–ª–∏—á–Ω–∞—è, —á–∏—Å—Ç—ã–µ –ø–æ–º–µ—â–µ–Ω–∏—è, –ø—É–Ω–∫—Ç—É–∞–ª—å–Ω—ã–µ –≤—Ä–∞—á–∏, –∞–¥–º–∏–Ω–∏—Å—Ç—Ä–∞—Ç–æ—Ä –≤—Å–µ–≥–¥–∞ –ø–æ–∑–≤–æ–Ω–∏—Ç –∑–∞—Ä–∞–Ω–µ–µ, –Ω–∞–ø–æ–º–Ω–∏—Ç –æ –ø–æ—Å–µ—â–µ–Ω–∏–∏, –Ω–∞—à –ª—é–±–∏–º—ã–π –≤—Ä–∞—á –ï–ª–µ–Ω–∞ –í–ª–∞–¥–∏–º–∏—Ä–æ–≤–Ω–∞ - –æ—á–µ–Ω—å –∞–∫–∫—É—Ä–∞—Ç–Ω–∞—è –∏ –∑–∞–±–æ—Ç–ª–∏–≤–∞—è, –¥–µ—Ç—è–º –æ—á–µ–Ω—å –Ω—Ä–∞–≤–∏—Ç—Å—è!)"
230175,0,POSITIVE,230175,–ü–ª–∞–Ω–µ—Ç–∞,"–ê—Ä—Ö–∞–Ω–≥–µ–ª—å—Å–∫, —É–ª–∏—Ü–∞ –ê.–û. –®–∞–±–∞–ª–∏–Ω–∞, 20–∫1",5,–ú–∞–≥–∞–∑–∏–Ω –æ–¥–µ–∂–¥—ã,"–í –ø—Ä–∏–Ω—Ü–∏–ø–µ —Ö–æ—Ä–æ—à–∏–π –º–∞–≥–∞–∑–∏–Ω, –±–æ–ª—å—à–æ–π –≤—ã–±–æ—Ä, –∫–∞—á–µ—Å—Ç–≤–æ –æ–¥–µ–∂–¥—ã –≤ –Ω–æ—Ä–º–µ, –ø–æ —Ü–µ–Ω–∞–º, —ç—Ç–æ —Å—Ä–µ–¥–Ω—è—è —Ü–µ–Ω–æ–≤–∞—è –∫–∞—Ç–µ–≥–æ—Ä–∏—è. –ü–æ–∫—É–ø–∞–ª —Ñ—É—Ç–±–æ–∫–∏ –∏ –ª–µ—Ç–Ω–∏–µ —Ç–∞–ø–∫–∏, –æ—Å—Ç–∞–ª—Å—è –¥–æ–≤–æ–ª–µ–Ω!"
251826,1,POSITIVE,251826,–ü–ª–∞–Ω–µ—Ç–∞,"–Ø–º–∞–ª–æ-–ù–µ–Ω–µ—Ü–∫–∏–π –∞–≤—Ç–æ–Ω–æ–º–Ω—ã–π –æ–∫—Ä—É–≥, –°–∞–ª–µ—Ö–∞—Ä–¥, —É–ª–∏—Ü–∞ –ß—É–±—ã–Ω–∏–Ω–∞, 41–ê",5,"–ê–≤—Ç–æ—Å–∞–ª–æ–Ω;–ê–≤—Ç–æ–º–æ–π–∫–∞;–ê–≤—Ç–æ—Å–µ—Ä–≤–∏—Å, –∞–≤—Ç–æ—Ç–µ—Ö—Ü–µ–Ω—Ç—Ä","–•–æ—Ä–æ—à–∞—è –º–æ–π–∫–∞, –≤–µ–∂–ª–∏–≤—ã–µ —Ä–∞–±–æ—Ç–Ω–∏–∫–∏. –ú–æ—é—Ç –∫–∞—á–µ—Å—Ç–≤–µ–Ω–Ω–æ. –®–∏—Ä–æ–∫–∏–π –∫–æ–º–ø–ª–µ–∫—Å —É—Å–ª—É–≥, –¥–∞–∂–µ –≤–∏–¥–µ–ª —á—Ç–æ –∑–∞–Ω–∏–º–∞—é—Ç—Å—è —á–∏—Å—Ç–∫–æ–π –∏ –º–æ–π–∫–æ–π –ö–æ–≤—Ä–æ–≤. –ú–æ–∂–Ω–æ –∑–∞—Ä–∞–Ω–µ–µ –∑–∞–ø–∏—Å–∞—Ç—å—Å—è, —á—Ç–æ–±—ã –Ω–µ –∂–¥–∞—Ç—å –∂–∏–≤–æ–π –æ—á–µ—Ä–µ–¥–∏."
257960,0,POSITIVE,257960,–ü–ª–∞–Ω–µ—Ç–∞,"–†–µ—Å–ø—É–±–ª–∏–∫–∞ –ë–∞—à–∫–æ—Ä—Ç–æ—Å—Ç–∞–Ω, –£—Ñ–∞, –ø—Ä–æ—Å–ø–µ–∫—Ç –û–∫—Ç—è–±—Ä—è, 21",5,–ö–Ω–∏–∂–Ω—ã–π –º–∞–≥–∞–∑–∏–Ω;–ú–∞–≥–∞–∑–∏–Ω –∫–∞–Ω—Ü—Ç–æ–≤–∞—Ä–æ–≤;–£—á–µ–±–Ω–∞—è –ª–∏—Ç–µ—Ä–∞—Ç—É—Ä–∞,"–ú–∞–≥–∞–∑–∏–Ω –æ—á–µ–Ω—å –ø–æ–Ω—Ä–∞–≤–∏–ª—Å—è. –û—á–µ–Ω—å –≤–µ–∂–ª–∏–≤—ã–π –∏ –æ—Å–≤–µ–¥–æ–º–ª–µ–Ω–Ω—ã–π –ø–µ—Ä—Å–æ–Ω–∞–ª. –û–≥—Ä–æ–º–Ω—ã–π –≤—ã–±–æ—Ä –∫–Ω–∏–≥, –≤–∫–ª—é—á–∞—è –∏–∑–¥–∞–Ω–∏—è –Ω–∞ –±–∞—à–∫–∏—Ä—Å–∫–æ–º —è–∑—ã–∫–µ. –ë–æ–≥–∞—Ç—ã–π –≤—ã–±–æ—Ä –∫–Ω–∏–≥ –ø–æ –∫—Ä–∞–µ–≤–µ–¥–µ–Ω–∏—é."
269474,0,NEUTRAL,269474,–ü–ª–∞–Ω–µ—Ç–∞,"–ú–æ—Å–∫–æ–≤—Å–∫–∞—è –æ–±–ª–∞—Å—Ç—å, –ë–æ–≥–æ—Ä–æ–¥—Å–∫–∏–π –≥–æ—Ä–æ–¥—Å–∫–æ–π –æ–∫—Ä—É–≥, –ù–æ–≥–∏–Ω—Å–∫, –†–∞–±–æ—á–∞—è —É–ª–∏—Ü–∞, 18",5,–ú–∞–≥–∞–∑–∏–Ω —Ö–æ–∑—Ç–æ–≤–∞—Ä–æ–≤ –∏ –±—ã—Ç–æ–≤–æ–π —Ö–∏–º–∏–∏;–£–¥–æ–±—Ä–µ–Ω–∏—è;–õ–∞–∫–æ–∫—Ä–∞—Å–æ—á–Ω—ã–µ –º–∞—Ç–µ—Ä–∏–∞–ª—ã;–ú–∞–≥–∞–∑–∏–Ω –¥–ª—è —Å–∞–¥–æ–≤–æ–¥–æ–≤;–°–∞–¥–æ–≤—ã–π –∏–Ω–≤–µ–Ω—Ç–∞—Ä—å –∏ —Ç–µ—Ö–Ω–∏–∫–∞,"–ù–µ–±–æ–ª—å—à–æ–π, –∫–æ–º–ø–∞–∫—Ç–Ω—ã–π, –Ω–æ —Ñ—É–Ω–∫—Ü–∏–æ–Ω–∞–ª—å–Ω—ã–π. –í—ã–±–æ—Ä –≤—Å–µ–≥–æ –ø—Ä–∏–ª–∏—á–Ω—ã–π, —Ü–µ–Ω—ã –Ω–µ –¥–µ—Ä—É—Ç. –ü—Ä–æ–¥–∞–≤—â–∏—Ü—ã –ø—Ä–∏–≤–µ—Ç–ª–∏–≤—ã–µ, —Ç–æ–ª—å–∫–æ –ø–æ–∫—É–ø–∞–π. –ï—Å–ª–∏ –Ω—É–∂–Ω–æ —á—Ç–æ —Ç–æ –∫—É–ø–∏—Ç—å –ø–æ –±—ã—Å—Ç—Ä–æ–º—É, —Ç–æ –∑–¥–µ—Å—å –º–æ–∂–Ω–æ –Ω–∞–π—Ç–∏ –º–Ω–æ–≥–æ –Ω–µ–æ–±—Ö–æ–¥–∏–º–æ–≥–æ."
271605,0,NEUTRAL,271605,–ü–ª–∞–Ω–µ—Ç–∞,"–Ø–º–∞–ª–æ-–ù–µ–Ω–µ—Ü–∫–∏–π –∞–≤—Ç–æ–Ω–æ–º–Ω—ã–π –æ–∫—Ä—É–≥, –ù–æ–≤—ã–π –£—Ä–µ–Ω–≥–æ–π, –º–∏–∫—Ä–æ—Ä–∞–π–æ–Ω –ú–∏—Ä–Ω—ã–π, 8/2–ê",3,–¢–æ—Ä–≥–æ–≤—ã–π —Ü–µ–Ω—Ç—Ä,"–ú–∞–ª–µ–Ω—å–∫–∏–π —Ç—Ü, –Ω–∏—á–µ–≥–æ –æ—Å–æ–±–µ–Ω–Ω–æ–≥–æ –≤ –Ω–µ–º –Ω–µ—Ç. –†–∞–Ω—å—à–µ –ø–æ–∫—É–ø–∞–ª–∞ —á—Ç–æ-—Ç–æ –Ω–∞ –≤—Ç–æ—Ä–æ–º —ç—Ç–∞–∂–µ –≤ –ø–æ—Å—É–¥–Ω–æ–º –º–∞–≥–∞–∑–∏–Ω–µ, –Ω–æ —Å–µ–π—á–∞—Å –≤—Å–µ –∫–∞–∫–æ–µ-—Ç–æ –∑–∞–ª–µ–∂–∞–≤—à–µ–µ—Å—è, —Ü–µ–Ω—ã –≤—ã—Å–æ–∫–∏–µ. –ü—Ä–æ–¥—É–∫–æ–≤—ã–π –º–∞–≥–∞–∑–∏–Ω —Ä–∞–∑–≤–µ —á—Ç–æ –¥–ª—è –∂–∏—Ç–µ–ª–µ–π, –∂–∏–≤—É—â–∏—Ö –ø–æ–±–ª–∏–∑–æ—Å—Ç–∏. –ü—Ä–∏–µ–∑–∂–∞—Ç—å —Å—é–¥–∞ —Å–ø–µ—Ü–∏–∞–ª—å–Ω–æ –Ω–µ –≤–∏–∂—É —Å–º—ã—Å–ª–∞, —Ç–µ–º –±–æ–ª–µ–µ, —á—Ç–æ –ø—Ä–∏–ø–∞—Ä–∫–æ–≤–∞—Ç—å—Å—è –≤–µ—á–Ω–æ –Ω–µ–≥–¥–µ. –ü–æ–ª—å–∑—É—é—Å—å —ç—Ç–∏–º –º–∞–≥–∞–∑–∏–Ω–æ–º, –∫–∞–∫ –æ—Ä–∏–µ–Ω—Ç–∏—Ä–æ–º, –µ—Å–ª–∏ –¥–æ—Ä–æ–≥—É –Ω–∞–¥–æ —É–∫–∞–∑–∞—Ç—å."
286954,0,POSITIVE,286954,–ü–ª–∞–Ω–µ—Ç–∞,"–ö–µ–º–µ—Ä–æ–≤—Å–∫–∞—è –æ–±–ª–∞—Å—Ç—å, –ù–æ–≤–æ–∫—É–∑–Ω–µ—Ü–∫, —É–ª–∏—Ü–∞ –ö–∏—Ä–æ–≤–∞, 94",5,–ö–Ω–∏–∂–Ω—ã–π –º–∞–≥–∞–∑–∏–Ω;–ú–∞–≥–∞–∑–∏–Ω –∫–∞–Ω—Ü—Ç–æ–≤–∞—Ä–æ–≤;–î–µ—Ç—Å–∫–∏–µ –∏–≥—Ä—É—à–∫–∏ –∏ –∏–≥—Ä—ã,"–ú–∞–≥–∞–∑–∏–Ω —Å—É–ø–µ—Ä, –≤–µ–∂–ª–∏–≤—ã–π –ø–µ—Ä—Å–æ–Ω–∞–ª, –Ω–∞–π—Ç–∏ –º–æ–∂–Ω–æ –ª—é–±—É—é –ª–∏—Ç–µ—Ä–∞—Ç—É—Ä—É, –¥–ª—è —É—á—ë–±—ã, —Ç–µ—Ö–Ω–∏—á–µ—Å–∫—É—é, –¥–ª—è –¥–æ–º–∞—à–Ω–µ–≥–æ —á—Ç–µ–Ω–∏—è, –æ—á–µ–Ω—å –º–Ω–æ–≥–æ –¥–µ—Ç—Å–∫–∏—Ö —Ç–æ–≤–∞—Ä–æ–≤, –≤ —Ç–æ–º —á–∏—Å–ª–µ –∏ –∫–Ω–∏–≥, —Ç–æ–≤–∞—Ä—ã –¥–ª—è –ª—é–±–æ–≥–æ –¥–µ—Ç—Å–∫–æ–≥–æ —Ä—É–∫–æ–¥–µ–ª–∏—è, —Ä–µ–∫–æ–º–µ–Ω–¥—É—é"
302384,1,POSITIVE,302384,–ü–ª–∞–Ω–µ—Ç–∞,"–ú–æ—Å–∫–æ–≤—Å–∫–∞—è –æ–±–ª–∞—Å—Ç—å, –î–º–∏—Ç—Ä–æ–≤, –°–æ–≤–µ—Ç—Å–∫–∞—è —É–ª–∏—Ü–∞, 14",5,–ö–∏–Ω–æ—Ç–µ–∞—Ç—Ä,–û—á–µ–Ω—å –∫—Ä—É—Ç–æ–π –∫–∏–Ω–æ—Ç–µ–∞—Ç—Ä. –ü–µ—Ä–≤—ã–µ 5 —Ä—è–¥–æ–≤ –æ–±—ã—á–Ω—ã–µ. –ü–æ—Ç–æ–º –∏–¥—É—Ç —á—É—Ç—å –ª—É—á—à–µ - –º–æ–∂–Ω–æ –æ—Ç–∫–∏–Ω—É—Ç—å—Å—è –Ω–∞ —Å–∏–¥–µ–Ω–∏–∏. –ú–µ–∂–¥—É —Ä—è–¥–∞–º–∏ –±–æ–ª—å—à–æ–µ –ø—Ä–æ—Å—Ç—Ä–∞–Ω—Å—Ç–≤–æ - —Å–ø–æ–∫–æ–π–Ω–æ –≤—ã—Ö–æ–¥–∏—à—å –≤ —Ç—É–∞–ª–µ—Ç –∏ –Ω–µ —Å–∞–¥–∏—à—å—Å—è –ø—Ä–∏ —ç—Ç–æ–º –Ω–∏ –Ω–∞ –∫–æ–≥–æ #–æ–ø–æ–π. 
302385,-1,NEUTRAL,302385,–ü–ª–∞–Ω–µ—Ç–∞,"–ú–æ—Å–∫–æ–≤—Å–∫–∞—è –æ–±–ª–∞—Å—Ç—å, –î–º–∏—Ç—Ä–æ–≤, –°–æ–≤–µ—Ç—Å–∫–∞—è —É–ª–∏—Ü–∞, 14",3,–ö–∏–Ω–æ—Ç–µ–∞—Ç—Ä,"–ù—Ä–∞–≤–∏—Ç—Å—è –∫–∏–Ω–æ—Ç–µ–∞—Ç—Ä, –ù–û:\n1. –ù–µ–ª—å–∑—è –∫—É–ø–∏—Ç—å –±–∏–ª–µ—Ç—ã –æ–Ω–ª–∞–π–Ω (–∂–∏—Ä–Ω—ã–π –º–∏–Ω—É—Å);\n2. –ú–∞–ª–æ —Ñ–∏–ª—å–º–æ–≤, –∫–æ—Ç–æ—Ä—ã–µ –¥–µ–π—Å—Ç–≤–∏—Ç–µ–ª—å–Ω–æ —Ö–æ—á–µ—Ç—Å—è –ø–æ—Å–º–æ—Ç—Ä–µ—Ç—å, –∞ –ø—Ä–∏—Ö–æ–¥–∏—Ç—Å—è –µ—Ö–∞—Ç—å –≤ –°–µ—Ä–≥–∏–µ–≤-–ü–æ—Å–∞–¥, –≤–≤–∏–¥—É —Ç–æ–≥–æ, —á—Ç–æ –≤ –Ω–∞—à–µ–º –∫–∏–Ω–æ—Ç–µ–∞—Ç—Ä–µ –∞ –ø—Ä–æ–∫–∞—Ç–µ —ç—Ç–æ–≥–æ —Ñ–∏–ª—å–º–∞/–º—É–ª—å—Ç—Ñ–∏–ª—å–º–∞ –Ω–µ—Ç.\n+–ó–∞ –ø–æ–ø–∫–æ—Ä–Ω."
302386,1,POSITIVE,302386,–ü–ª–∞–Ω–µ—Ç–∞,"–ú–æ—Å–∫–æ–≤—Å–∫–∞—è –æ–±–ª–∞—Å—Ç—å, –î–º–∏—Ç—Ä–æ–≤, –°–æ–≤–µ—Ç—Å–∫–∞—è —É–ª–∏—Ü–∞, 14",4,–ö–∏–Ω–æ—Ç–µ–∞—Ç—Ä,"–í–ø–æ–ª–Ω–µ –Ω–µ–ø–ª–æ—Ö–æ–π –∫–∏–Ω–æ—Ç–µ–∞—Ç—Ä. –ó–∞–ª—ã –Ω–µ–±–æ–ª—å—à–∏–µ,–Ω–æ –æ–Ω –∏ —Å–∞–º,–≤ —Ü–µ–ª–æ–º –º–∞–ª–µ–Ω—å–∫–∏–π. –ü–æ–ø–∫–æ—Ä–Ω —Å–ª–∞–¥–∫–∏–π –±—Ä–∞–ª–∏,–ø–æ–Ω—Ä–∞–≤–∏–ª—Å—è, –µ—Å—Ç—å –º–æ—Ä–æ–∂–µ–Ω–æ–µ. –ë—ã–ª–∏ –≤ –±—É–¥–Ω–∏ –¥–Ω–µ–º, –ª—é–¥–µ–π –±—ã–ª–æ –Ω–µ–º–Ω–æ–≥–æ, –ø–æ—ç—Ç–æ–º—É –∫–æ–º—Ñ–æ—Ä—Ç–Ω–æ –ø—Ä–æ–≤–µ–ª–∏ –≤—Ä–µ–º—è."
313988,0,POSITIVE,313988,–ü–ª–∞–Ω–µ—Ç–∞,"–ß–µ–ª—è–±–∏–Ω—Å–∫, –ø—Ä–æ—Å–ø–µ–∫—Ç –ü–æ–±–µ–¥—ã, 124",5,–ú–∞–≥–∞–∑–∏–Ω –æ–¥–µ–∂–¥—ã;–ú–∞–≥–∞–∑–∏–Ω –¥–µ—Ç—Å–∫–æ–π –æ–¥–µ–∂–¥—ã;–ú–∞–≥–∞–∑–∏–Ω –≤–µ—Ä—Ö–Ω–µ–π –æ–¥–µ–∂–¥—ã;–ú–∞–≥–∞–∑–∏–Ω –æ–±—É–≤–∏,"–û—Ç–ª–∏—á–Ω—ã–π –≤–∞—Ä–∏–∞–Ω—Ç –¥–ª—è —Å–µ–º—å–∏, —Ü–µ–Ω–∞ - –∫–∞—á–µ—Å—Ç–≤–æ —Å–æ–æ—Ç–≤–µ—Ç—Å—Ç–≤—É–µ—Ç, –ª—é–¥–µ–π –º–Ω–æ–≥–æ, –æ—á–µ—Ä–µ–¥—å –Ω–∞ –∫–∞—Å—Å—É –µ—Å—Ç—å, –Ω–æ –¥–≤–∏–≥–∞–µ—Ç—Å—è –±—ã—Å—Ç—Ä–æ, –≤—ã–±–æ—Ä –ø—Ä–æ—Å—Ç–æ –æ–≥—Ä–æ–º–Ω—ã–π, –ø—Ä–∏—Å—É—Ç—Å—Ç–≤—É–µ—Ç —Å–ø–µ—Ü–æ–¥–µ–∂–¥–∞"
316365,0,POSITIVE,316365,–ü–ª–∞–Ω–µ—Ç–∞,"–Ø–º–∞–ª–æ-–ù–µ–Ω–µ—Ü–∫–∏–π –∞–≤—Ç–æ–Ω–æ–º–Ω—ã–π –æ–∫—Ä—É–≥, –ú—É—Ä–∞–≤–ª–µ–Ω–∫–æ, —É–ª–∏—Ü–∞ –ú—É—Ä–∞–≤–ª–µ–Ω–∫–æ, 24",5,–ú–∞–≥–∞–∑–∏–Ω –æ–¥–µ–∂–¥—ã;–ú–∞–≥–∞–∑–∏–Ω –æ–±—É–≤–∏,"–ú–∞–≥–∞–∑–∏–Ω —Ö–æ—Ä–æ—à–∏–π, –±–æ–ª—å—à–æ–π –≤—ã–±–æ—Ä –æ–¥–µ–∂–¥—ã, –æ–±—É–≤–∏. –¢–∞–∫ –∂–µ –µ—Å—Ç—å: —á–µ–º–æ–¥–∞–Ω–Ω—ã–π, –ø–æ–ª–æ—Ç–µ–Ω—Ü–∞, –∏–≥—Ä—É—à–∫–∏, –≤—Å—è–∫–∞—è —ç–ª–µ–∫—Ç—Ä–æ–Ω–∏–∫–∞(—á–∞—Å—ã, –∫–æ–ª–æ–Ω–∫–∞) —Ç–∞–º –ø—Ä–æ–¥–∞—é—Ç—Å—è —Ö–æ—Ä–æ—à–∏–µ –Ω–µ –¥–æ—Ä–æ–≥–∏–µ –∫–∞—Ä—Ç–∏–Ω—ã."
324808,0,POSITIVE,324808,–ü–ª–∞–Ω–µ—Ç–∞,"–†–µ—Å–ø—É–±–ª–∏–∫–∞ –ë–∞—à–∫–æ—Ä—Ç–æ—Å—Ç–∞–Ω, –£—Ñ–∞, —É–ª–∏—Ü–∞ –°—Ç–µ–ø–∞–Ω–∞ –ö—É–≤—ã–∫–∏–Ω–∞, 14",5,–ö–Ω–∏–∂–Ω—ã–π –º–∞–≥–∞–∑–∏–Ω;–ú–∞–≥–∞–∑–∏–Ω –∫–∞–Ω—Ü—Ç–æ–≤–∞—Ä–æ–≤;–£—á–µ–±–Ω–∞—è –ª–∏—Ç–µ—Ä–∞—Ç—É—Ä–∞,"–•–æ—Ä–æ—à–∏–π –∫–Ω–∏–∂–Ω—ã–π –º–∞–≥–∞–∑–∏–Ω, —Ü–µ–Ω—ã –Ω–∞ –∫–Ω–∏–≥–µ –Ω–µ —Ç–∞–∫–∏–µ –≤—ã—Å–æ–∫–∏–µ, –∫–∞–∫ —É –∫–æ–Ω–∫—É—Ä–µ–Ω—Ç–æ–≤. –ò–Ω–æ–≥–¥–∞ –±—ã–≤–∞—é—Ç —Å–∫–∏–¥–∫–∏, –∞ —Ç–∞–∫–∂–µ —Ä–∞—Å–ø—Ä–æ–¥–∞–∂–∏. –ë–æ–ª—å—à–æ–π –≤—ã–±–æ—Ä –∫–∞–Ω—Ü–µ–ª—è—Ä—Å–∫–∏—Ö —Ç–æ–≤–∞—Ä–æ–≤."
340424,0,POSITIVE,340424,–ü–ª–∞–Ω–µ—Ç–∞,"–†–µ—Å–ø—É–±–ª–∏–∫–∞ –ë–∞—à–∫–æ—Ä—Ç–æ—Å—Ç–∞–Ω, –ö—É–º–µ—Ä—Ç–∞—É, —É–ª–∏—Ü–∞ –ü—É—à–∫–∏–Ω–∞, 1",5,–ö–Ω–∏–∂–Ω—ã–π –º–∞–≥–∞–∑–∏–Ω;–ú–∞–≥–∞–∑–∏–Ω –∫–∞–Ω—Ü—Ç–æ–≤–∞—Ä–æ–≤;–£—á–µ–±–Ω–∞—è –ª–∏—Ç–µ—Ä–∞—Ç—É—Ä–∞,"–í—Å–µ –ø—Ä–µ–∫—Ä–∞—Å–Ω–æ, –µ—Å—Ç—å –≤—ã–±–æ—Ä –≤—Å–µ–≥–æ, –¥–∞ –∏ –ø—Ä–µ–¥–ª–æ–∂–∞—Ç, —á—Ç–æ –∏ –∫–∞–∫ –ø—Ä–µ–æ–±—Ä–µ—Å—Ç–∏. –°–ø–∞—Å–∏–±–æ –±–æ–ª—å—à–æ–µ –≤—Å–µ–º—É –ø–µ—Ä—Å–æ–Ω–∞–ª—É –∏ –¥–∏—Ä–µ–∫—Ç–æ—Ä—É , –ø—Ä–æ—Å—Ç–æ –º–æ–ª–æ–¥—Ü—ã !"
340425,0,POSITIVE,340425,–ü–ª–∞–Ω–µ—Ç–∞,"–†–µ—Å–ø—É–±–ª–∏–∫–∞ –ë–∞—à–∫–æ—Ä—Ç–æ—Å—Ç–∞–Ω, –ö—É–º–µ—Ä—Ç–∞—É, —É–ª–∏—Ü–∞ –ü—É—à–∫–∏–Ω–∞, 1",5,–ö–Ω–∏–∂–Ω—ã–π –º–∞–≥–∞–∑–∏–Ω;–ú–∞–≥–∞–∑–∏–Ω –∫–∞–Ω—Ü—Ç–æ–≤–∞—Ä–æ–≤;–£—á–µ–±–Ω–∞—è –ª–∏—Ç–µ—Ä–∞—Ç—É—Ä–∞,"–û—á–µ–Ω—å —Ö–æ—Ä–æ—à–∏–π –º–∞–≥–∞–∑–∏–Ω, –µ—Å—Ç—å –≤—Å–µ –Ω–µ–æ–±—Ö–æ–¥–∏–º–æ–µ, –∫–∞–Ω—Ü–µ–ª—è—Ä—Å–∫–∏–µ —Ç–æ–≤–∞—Ä—ã, –∫–Ω–∏–≥–∏, –∏–≥—Ä—É—à–∫–∏,—Ä—é–∫–∑–∞–∫–∏, —Ç–æ–≤–∞—Ä—ã –¥–ª—è –æ—Ñ–∏—Å–∞! –ë–æ–ª—å—à–æ–π –≤—ã–±–æ—Ä, –¥–æ—Å—Ç—É–ø–Ω—ã–µ —Ü–µ–Ω—ã, –æ—Ç–ª–∏—á–Ω–æ–µ –∫–∞—á–µ—Å—Ç–≤–æ!"
343900,1,POSITIVE,343900,–ü–ª–∞–Ω–µ—Ç–∞,"–ü–µ—Ä–º—å, —É–ª–∏—Ü–∞ –ì–µ—Ä–æ–µ–≤ –•–∞—Å–∞–Ω–∞, 5",5,–¢—É—Ä–∞–≥–µ–Ω—Ç—Å—Ç–≤–æ;–ë—Ä–æ–Ω–∏—Ä–æ–≤–∞–Ω–∏–µ –≥–æ—Å—Ç–∏–Ω–∏—Ü;–ñ–µ–ª–µ–∑–Ω–æ–¥–æ—Ä–æ–∂–Ω—ã–µ –∏ –∞–≤–∏–∞–±–∏–ª–µ—Ç—ã,–ò—Å–∫—Ä–µ–Ω–Ω–µ –±–ª–∞–≥–æ–¥–∞—Ä—é —Ç—É—Ä–∞–≥–µ–Ω—Å—Ç–≤–æ –ü–ª–∞–Ω–µ—Ç–∞  –∑–∞ –±–µ–∑—É–ø—Ä–µ—á–Ω—É—é –æ—Ä–≥–∞–Ω–∏–∑–∞—Ü–∏—é –º–æ–∏—Ö –ø—É—Ç–µ—à–µ—Å—Ç–≤–∏–π! –û—Ç–¥–µ–ª—å–Ω–∞—è –±–ª–∞–≥–æ–¥–∞—Ä–Ω–æ—Å—Ç—å —Ç—É—Ä–∞–≥–µ–Ω—Ç—É –Æ–ª–∏–∏ –ë—Ä—é—Ö–æ–≤–æ–π –∏ –≤—Å–µ–º—É —Ä—É–∫–æ–≤–æ–¥—Å—Ç–≤—É! –ö–∞–∫–∏–µ –±—ã –≤–æ–ø—Ä–æ—Å—ã –Ω–∏ –≤–æ–∑–Ω–∏–∫–∞–ª–∏- –æ–Ω–∏ –≤—Å–µ –±—ã–ª–∏ –º–∞–∫—Å–∏–º–∞–ª—å–Ω–æ –æ–ø–µ—Ä–∞—Ç–∏–≤–Ω–æ –∏ —É—Å–ø–µ—à–Ω–æ —Ä–∞–∑—Ä–µ—à–µ–Ω—ã. –ë–ª–∞–≥–æ–¥–∞—Ä—é!!! 100 \n% –∫–æ–º–ø–µ—Ç–µ–Ω—Ç–Ω–æ—Å—Ç—å! –î–æ–≤–µ—Ä—è—é —Ç–æ–ª—å–∫–æ –ü–ª–∞–Ω–µ—Ç–µ ! –£—Å–ø–µ—Ö–æ–≤ –∏ —Ä–∞–∑–≤–∏—Ç–∏—è –∫–æ–º–ø–∞–Ω–∏–∏!
343901,1,POSITIVE,343901,–ü–ª–∞–Ω–µ—Ç–∞,"–ü–µ—Ä–º—å, —É–ª–∏—Ü–∞ –ì–µ—Ä–æ–µ–≤ –•–∞—Å–∞–Ω–∞, 5",5,–¢—É—Ä–∞–≥–µ–Ω—Ç—Å—Ç–≤–æ;–ë—Ä–æ–Ω–∏—Ä–æ–≤–∞–Ω–∏–µ –≥–æ—Å—Ç–∏–Ω–∏—Ü;–ñ–µ–ª–µ–∑–Ω–æ–¥–æ—Ä–æ–∂–Ω—ã–µ –∏ –∞–≤–∏–∞–±–∏–ª–µ—Ç—ã,"–° —Ç—É—Ä–∞–≥–µ–Ω—Ç—Å—Ç–≤–æ–º –ü–ª–∞–Ω–µ—Ç–∞ –º—ã —Å 2015 –≥–æ–¥–∞. –ë–ª–∞–≥–æ–¥–∞—Ä–∏–º –∑–∞ –ø—Ä–µ–∫—Ä–∞—Å–Ω—ã–π –æ—Ç–¥—ã—Ö –ù–∞—Ç–∞—à—É –•–∞—Ö—É—Ç–∞–∏—à–≤–∏–ª–∏. –ù–∞—Ç–∞—à–∞, —Å–ø–∞—Å–∏–±–æ, —á—Ç–æ –í—ã –≤—Å–µ–≥–¥–∞ —Ä—è–¥–æ–º, –≤—Å–µ–≥–¥–∞ –Ω–∞ —Å–≤—è–∑–∏ 24/7, –≤—Å–µ–≥–¥–∞ –∑–Ω–∞–µ—Ç–µ, —á—Ç–æ –ø–æ–¥–æ–π–¥–µ—Ç –∏–º–µ–Ω–Ω–æ –Ω–∞–º. –¢–æ–ª—å–∫–æ –±–ª–∞–≥–æ–¥–∞—Ä—è –í–∞–º –º—ã –≤–ª—é–±–∏–ª–∏—Å—å –≤ –ê–∑–∏—é –∏ –Ω–µ —Ç–æ–ª—å–∫–æ))) "
343902,1,POSITIVE,343902,–ü–ª–∞–Ω–µ—Ç–∞,"–ü–µ—Ä–º—å, —É–ª–∏—Ü–∞ –ì–µ—Ä–æ–µ–≤ –•–∞—Å–∞–Ω–∞, 5",5,–¢—É—Ä–∞–≥–µ–Ω—Ç—Å—Ç–≤–æ;–ë—Ä–æ–Ω–∏—Ä–æ–≤–∞–Ω–∏–µ –≥–æ—Å—Ç–∏–Ω–∏—Ü;–ñ–µ–ª–µ–∑–Ω–æ–¥–æ—Ä–æ–∂–Ω—ã–µ –∏ –∞–≤–∏–∞–±–∏–ª–µ—Ç—ã,"–•–æ—á—É –ø–æ–±–ª–∞–≥–æ–¥–∞—Ä–∏—Ç—å –∫–æ–º–ø–∞–Ω–∏—é ""–ü–ª–∞–Ω–µ—Ç–∞"" –∑–∞ –æ—Ä–≥–∞–Ω–∏–∑–∞—Ü–∏—é –Ω–µ–∑–∞–±—ã–≤–∞–µ–º–æ–≥–æ –æ—Ç–¥—ã—Ö–∞! –û—Å–æ–±—É—é –±–ª–∞–≥–æ–¥–∞—Ä–Ω–æ—Å—Ç—å –≤—ã—Ä–∞–∂–∞—é –º–µ–Ω–µ–¥–∂–µ—Ä—É –ï–ª–µ–Ω–µ, –∫–æ—Ç–æ—Ä–∞—è –ø–æ–¥–æ–±—Ä–∞–ª–∞ —Ç—É—Ä –ø–æ –≤—Å–µ–º –º–æ–∏–º —Ç—Ä–µ–±–æ–≤–∞–Ω–∏—è–º, —É—á–ª–∞ –≤—Å—ë, —á—Ç–æ –±—ã–ª–æ –≤–∞–∂–Ω–æ –¥–ª—è –º–µ–Ω—è, –æ–ø–µ—Ä–∞—Ç–∏–≤–Ω–æ –∏ –≥—Ä–∞–º–æ—Ç–Ω–æ –∫–æ–Ω—Å—É–ª—å—Ç–∏—Ä–æ–≤–∞–ª–∞ –ø–æ –∏–Ω—Ç–µ—Ä–µ—Å—É—é—â–∏–º –º–µ–Ω—è –≤–æ–ø—Ä–æ—Å–∞–º, —Å–∞–º–æ–µ –≥–ª–∞–≤–Ω–æ–µ - –±—ã–ª–∞ –æ—á–µ–Ω—å –æ—Ç–∑—ã–≤—á–∏–≤–∞ –∏ –¥—Ä—É–∂–µ–ª—é–±–Ω–∞, –ø–æ–∑–∏—Ç–∏–≤–Ω–æ –Ω–∞—Å—Ç—Ä–æ–∏–ª–∞ –º–µ–Ω—è –ø–µ—Ä–µ–¥ –ø–æ–µ–∑–¥–∫–æ–π. –í–ø–µ—á–∞—Ç–ª–µ–Ω–∏—è –æ—Ç —É—Å–ª—É–≥ —Ç—É—Ä–∞–≥–µ–Ω—Å—Ç–≤–∞ –∏ –æ—Ç —Å–∞–º–æ–π –ø–æ–µ–∑–¥–∫–∏ —Ç–æ–ª—å–∫–æ –ø–æ–ª–æ–∂–∏—Ç–µ–ª—å–Ω—ã–µ! –ö–æ–º–ø–∞–Ω–∏—é ""–ü–ª–∞–Ω–µ—Ç–∞"" –æ–¥–Ω–æ–∑–Ω–∞—á–Ω–æ —Ä–µ–∫–æ–º–µ–Ω–¥—É—é! "
344737,1,POSITIVE,344737,–ü–ª–∞–Ω–µ—Ç–∞,"–ú–æ—Å–∫–≤–∞, –ü–ª–∞–Ω–µ—Ç–Ω–∞—è —É–ª–∏—Ü–∞, 31",5,–•–æ—Å—Ç–µ–ª,"–ó–∞—Å–µ–ª—è–ª—Å—è –Ω–∞ –º–µ—Å—è—Ü,—É–¥–æ–±–Ω–∞—è –ª–æ–∫–∞—Ü–∏—è,–∫–æ–º–Ω–∞—Ç—ã —É—é—Ç–Ω—ã–µ —á–∏—Å—Ç—ã–µ –∫–æ–º—Ñ–æ—Ä—Ç–Ω—ã–µ,–∏–º–µ–µ—Ç—Å—è –≤—Å–µ –Ω–µ –æ–±—Ö–æ–¥–∏–º–æ–µ –ø–ª–∏—Ç–∞,–º–∏–∫—Ä–æ–≤–æ–ª–Ω–æ–≤–∫–∞, –ø–µ—á, —Å—É—à–∏–ª—å–Ω–∞—è –º–∞—à–∏–Ω–∞ , –∏ —Ç–¥ , –∫ —Å—á–∞—Å—Ç—å—é –∏–º–µ—é—Ç—Å—è —É–¥–æ–±–Ω—ã–µ —à–∫–∞—Ñ—á–∏–∫–∏,–∫–æ–Ω—Ç–∏–Ω–≥–µ–Ω—Ç –ª—é–¥–µ–π –ø—Ä–µ–∫—Ä–∞—Å–Ω—ã–π,–µ—Å–ª–∏ —á—Ç–æ —Ç–æ –Ω–µ —Ç–∞–∫ –≤—Å–µ —Å —Ä–∞–¥–æ—Å—Ç—å—é –ø—Ä–æ—Ç—è–Ω—É—Ç —Ä—É–∫—É –ø–æ–º–æ—â–∏ –∏ –ø–æ–¥—Å–∫–∞–∂—É—Ç, –æ–¥–Ω–∏–º —Å–ª–æ–≤–æ–º –≤—Å–µ —É—é—Ç–Ω–æ –∫–æ–º—Ñ–æ—Ä—Ç–Ω–æ —Å–æ–≤–µ—Ç—É—é –≤—Å–µ–º!!!!!"
344824,1,NEUTRAL,344824,–ü–ª–∞–Ω–µ—Ç–∞,"–°–≤–µ—Ä–¥–ª–æ–≤—Å–∫–∞—è –æ–±–ª–∞—Å—Ç—å, –ï–∫–∞—Ç–µ—Ä–∏–Ω–±—É—Ä–≥, —É–ª–∏—Ü–∞ –ë–∞–∂–æ–≤–∞, 79",1,–¢–µ–ª–µ–∫–æ–º–º—É–Ω–∏–∫–∞—Ü–∏–æ–Ω–Ω–∞—è –∫–æ–º–ø–∞–Ω–∏—è;–ò–Ω—Ç–µ—Ä–Ω–µ—Ç-–ø—Ä–æ–≤–∞–π–¥–µ—Ä,"–û—Ç–≤—Ä–∞—Ç–∏—Ç–µ–ª—å–Ω—ã–π –ø—Ä–æ–≤–∞–π–¥–µ—Ä. –ß—É—Ç—å —Ä–∞–Ω–µ–µ –æ–Ω –±—ã–ª –æ—Ç–ª–∏—á–Ω—ã–º –≤–æ –≤—Å–µ–º. –ò –æ–±—Å–ª—É–∂–∏–≤–∞–Ω–∏–µ –∏ –∏–Ω—Ç–µ—Ä–Ω–µ—Ç, –∫–∞–∫ –≥–æ–≤–æ—Ä–∏—Ç—Å—è —Ü–µ–Ω–∞=–∫–∞—á–µ—Å—Ç–≤–æ, —Ç–µ–ø–µ—Ä—å –∂–µ –ø—Ä–æ—Å—Ç–æ –Ω–µ–≤–æ–∑–º–æ–∂–Ω–æ. –ö–∞–∂–¥—ã–π —Ä–∞–∑ —Ä–µ–∫–æ–º–µ–Ω–¥—É—é—Ç –ø–µ—Ä–µ–∑–∞–≥—Ä—É–∑–∏—Ç—å —É—Å—Ç—Ä–æ–π—Å—Ç–≤–æ, –≤—ã–∫–ª—é—á–∏—Ç—å –∏–∑ —Ä–æ–∑–µ—Ç–∫–∏, –ø–æ–¥–æ–∂–¥–∞—Ç—å 10 —Å–µ–∫—É–Ω–¥ –∏ —Ç–∏–ø–∞ –ø—Ä–æ–±–ª–µ–º–∞ —Ä–µ—à–∏–ª–∞—Å—å. –ß—Ç–æ–±—ã –ø–æ—Å–º–æ—Ç—Ä–µ—Ç—å —Å–µ—Ä–∏–∞–ª –Ω–∞ –Ω–∏–∑–∫–æ–º –∫–∞—á–µ—Å—Ç–≤–µ —è —É–∂–µ —Ä–∞–∑ 5 —Ç–æ—á–Ω–æ —Å–¥–µ–ª–∞–ª–∞ –ø–æ –∏–Ω—Å—Ç—Ä—É–∫—Ü–∏–∏üòÇ–ø–æ—Å–∫–æ–ª—å–∫—É –∑–∞—É—á–∏–ª–∞ –µ–µ –Ω–∞ –∏–∑—É—Å—Ç—å. –Ø —Ö–æ—á—É –Ω–æ—Ä–º–∞–ª—å–Ω—ã–π –∏–Ω—Ç–µ—Ä–Ω–µ—Ç!!! –ú–Ω–µ –Ω–µ –Ω—É–∂–µ–Ω —Ç–µ–ª–∏–∫ , –∞ —Ç–æ–ª—å–∫–æ –Ω–æ—Ä–º–∞–ª—å–Ω—ã–π, —Å—Ç–∞–±–∏–ª—å–Ω—ã–π –∏–Ω—Ç–µ—Ä–Ω–µ—Ç!!!!"
344998,0,POSITIVE,344998,–ü–ª–∞–Ω–µ—Ç–∞,"–ù–∏–∂–Ω–∏–π –ù–æ–≤–≥–æ—Ä–æ–¥, –ø—Ä–æ—Å–ø–µ–∫—Ç –ì–∞–≥–∞—Ä–∏–Ω–∞, 228",4,–ú–∞–≥–∞–∑–∏–Ω –æ–¥–µ–∂–¥—ã;–ú–∞–≥–∞–∑–∏–Ω –æ–±—É–≤–∏;–ú–∞–≥–∞–∑–∏–Ω —Å—É–º–æ–∫ –∏ —á–µ–º–æ–¥–∞–Ω–æ–≤,–û—Ç–ª–∏—á–Ω—ã–π –º–∞–≥–∞–∑–∏–Ω –æ–¥–µ–∂–¥—ã –¥–æ—Å—Ç—É–ø–Ω—ã–µ —Ü–µ–Ω—ã –∏ —Ç–æ–≤–∞—Ä –º–æ–∂–Ω–æ –Ω–∞–π—Ç–∏ –æ—Ç–ª–∏—á–Ω–æ–≥–æ –∫–∞—á–µ—Å—Ç–≤–∞ –ø—Ä–∞–≤–¥–∞ –Ω—É–∂–Ω–æ –ø–æ—Å—Ç–∞—Ä–∞—Ç—å—Å—è.–ï–¥–∏–Ω—Å—Ç–≤–µ–Ω–Ω–æ–µ —á—Ç–æ –º–Ω–µ —Ç–∞–º –Ω–µ –Ω—Ä–∞–≤–∏—Ç—Å—è —ç—Ç–æ –ø—Ä–æ–¥–∞–≤—Ü—ã –æ–Ω–∏ –ø–æ—á—Ç–∏ –Ω–µ –≥–æ–≤–∞—Ä—è—Ç –Ω–∞ —Ä—É—Å—Å–∫–æ–º —ç—Ç–æ –æ—á–µ–Ω—å –ø–ª–æ—Ö–æ. –ò –ø—Ä–µ–¥–ª–∞–≥–∞—é—Ç –∑–∞–º–µ–Ω—É –≤–æ–æ–±—â–µ –Ω–µ —Ç–æ —á—Ç–æ —Ç–µ–±–µ –Ω—É–∂–Ω–æ.–¢–∞–∫–æ–µ —á—É–≤—Å—Ç–≤–æ —á—Ç–æ –æ–Ω–∏ –¥–æ —Å–∏—Ö –ø–æ—Ä –¥—É–º–∞—é—Ç —á—Ç–æ –†—É—Å—Å–∫–∏–µ –æ–¥–µ–≤–∞—é—Ç—Å—è –≤ —à—É–±—ã –∏ –≤–∞–ª–µ–Ω–∫–∏.
354303,0,POSITIVE,354303,–ü–ª–∞–Ω–µ—Ç–∞,"–ü–µ—Ä–º—å, —à–æ—Å—Å–µ –ö–æ—Å–º–æ–Ω–∞–≤—Ç–æ–≤, 162–ë",4,–¢–æ—Ä–≥–æ–≤—ã–π —Ü–µ–Ω—Ç—Ä;–†–∞–∑–≤–ª–µ–∫–∞—Ç–µ–ª—å–Ω—ã–π —Ü–µ–Ω—Ç—Ä,"–í—ã–±–æ—Ä –º–∞–≥–∞–∑–∏–Ω–æ–≤ –Ω–µ–ø–ª–æ—Ö–æ–π, –æ—Å–Ω–æ–≤–Ω–æ–µ –≤—Å–µ –µ—Å—Ç—å, —É–¥–æ–±–Ω—ã–µ –º–∞–≥–∞–∑–∏–Ω—ã —Å –æ–¥–µ–∂–¥–æ–π, –ø—Ä–∏–ª–∏—á–Ω–æ –∏ –Ω–µ–¥–æ—Ä–æ–≥–æ, –¥–ª—è —Ç–µ—Ö, –∫—Ç–æ –∂–∏–≤–µ—Ç –±–ª–∏–∑–∫–æ —Ö–æ—Ä–æ—à–µ–µ —Ä–µ—à–µ–Ω–∏–µ, —Ñ—É–¥–∫–æ—Ä—Ç —Ç–æ–∂–µ –Ω–µ–ø–ª–æ—Ö–æ–π, –ø–µ—Ä–µ–∫—É—Å–∏—Ç—å –º–æ–∂–Ω–æ –≤–∫—É—Å–Ω–æ! –ï—Ö–∞—Ç—å —Å –¥—Ä—É–≥–∏—Ö –∫–æ–Ω—Ü–æ–≤ –≥–æ—Ä–æ–¥–∞ –≤ –ü–ª–∞–Ω–µ—Ç—É —Å–º—ã—Å–ª–∞ –Ω–µ—Ç, –Ω–æ –ø–æ—Ö–æ–∂–µ, –≤—Å–µ –µ–¥—É—Ç! –í –∏—Ç–æ–≥–µ, –ø–æ–¥—ä–µ–∑–¥ –∫ –º–∞–≥–∞–∑–∏–Ω—É –∑–∞–≥—Ä—É–∂–µ–Ω, –º–∞—à–∏–Ω—ã —Å—Ç—É–∫–∞—é—Ç—Å—è –±–æ–∫–∞–º–∏, –≤—ã–µ—Ö–∞—Ç—å –∏ –ø—Ä–∏–µ—Ö–∞—Ç—å —Å—Ç–∞–Ω–æ–≤–∏—Ç—Å—è –∏—Å–ø—ã—Ç–∞–Ω–∏–µ–º, –ø–æ—ç—Ç–æ–º—É –ø—Ä–∏—Ö–æ–¥–∏—Ç—Å—è –≤—ã–±–∏—Ä–∞—Ç—å –ø–æ–∑–¥–Ω–µ–µ –≤—Ä–µ–º—è –∏–ª–∏ —Å–æ–≤–∞—Ç—å—Å—è –≤ —Å–∞–º—É—é –∫—É—á—É, –ø–æ—Ç–æ–º—É —á—Ç–æ –≤—ã—Ö–æ–¥–Ω—ã–µ —É –≤—Å–µ—Ö –ø–æ—Å–µ—Ç–∏—Ç–µ–ª–µ–π —Å–æ–≤–ø–∞–ª–∏, –ø–∞—Ä–∫–æ–≤–∫–∞ –≤—Ä–æ–¥–µ –∏ –æ–≥—Ä–æ–º–Ω–∞—è, –Ω–æ —ç—Ç–∏ —É–∑–∫–∏–µ –¥–æ—Ä–æ–≥–∏ –≤–¥–æ–ª—å –º–∞–≥–∞–∑–∏–Ω–∞, –Ω–∞—á–∏–Ω–∞—è —Å –õ–µ—Ä—É–∞, –ø–µ—à–µ—Ö–æ–¥–Ω—ã–µ –ø–µ—Ä–µ—Ö–æ–¥—ã –ø—Ä—è–º–æ –æ–∫–æ–ª–æ –ø–æ–≤–æ—Ä–æ—Ç–æ–≤ —Å –¥–æ—Ä–æ–≥–∏, —Ç–æ–ª—å–∫–æ –∑–∞–≤–µ—Ä–Ω–µ—à—å, –ø–æ–¥ –º–∞—à–∏–Ω—É –∫—Ç–æ-—Ç–æ –ª–µ–∑–µ—Ç.\n–í –æ–±—â–µ–º, –º–µ—Å—Ç–æ —Å–æ–≤–µ—Ç—É—é, –Ω–æ –Ω–µ –¥–ª—è –Ω–µ—Ä–≤–Ω—ã—Ö."
354304,0,POSITIVE,354304,–ü–ª–∞–Ω–µ—Ç–∞,"–ü–µ—Ä–º—å, —à–æ—Å—Å–µ –ö–æ—Å–º–æ–Ω–∞–≤—Ç–æ–≤, 162–ë",5,–¢–æ—Ä–≥–æ–≤—ã–π —Ü–µ–Ω—Ç—Ä;–†–∞–∑–≤–ª–µ–∫–∞—Ç–µ–ª—å–Ω—ã–π —Ü–µ–Ω—Ç—Ä,"–î–æ—Å—Ç–∞—Ç–æ—á–Ω–æ —Ö–æ—Ä–æ—à–∏–π —Ç–æ—Ä–≥–æ–≤—ã–π —Ü–µ–Ω—Ç—Ä –¥–ª—è –±–æ–ª—å—à–æ–≥–æ –≥–æ—Ä–æ–¥–∞, —É–¥–æ–±–Ω–æ–µ —Ä–∞—Å–ø–æ–ª–æ–∂–µ–Ω–∏–µ –∏ –≤–º–µ—Å—Ç–∏—Ç–µ–ª—å–Ω–∞—è –ø–∞—Ä–∫–æ–≤–∫–∞. –ü—Ä–∏ –∂–µ–ª–∞–Ω–∏–∏ –º–æ–∂–Ω–æ –ø—Ä–∏–æ–±—Ä–µ—Å—Ç–∏ –ª—é–±–æ–π —Ç–æ–≤–∞—Ä, –∫–æ–Ω–µ—á–Ω–æ —Ö–æ—Ç–µ–ª–æ—Å—å –±—ã –±–æ–ª–µ–µ —à–∏—Ä–æ–∫–∏–π –≤—ã–±–æ—Ä –º–∏—Ä–æ–≤—ã—Ö —Ç—Ä–µ–Ω–¥–æ–≤,"
354305,0,NEUTRAL,354305,–ü–ª–∞–Ω–µ—Ç–∞,"–ü–µ—Ä–º—å, —à–æ—Å—Å–µ –ö–æ—Å–º–æ–Ω–∞–≤—Ç–æ–≤, 162–ë",5,–¢–æ—Ä–≥–æ–≤—ã–π —Ü–µ–Ω—Ç—Ä;–†–∞–∑–≤–ª–µ–∫–∞—Ç–µ–ª—å–Ω—ã–π —Ü–µ–Ω—Ç—Ä,"–ú–∞–≥–∞—â–∏–Ω –æ—á–µ–Ω—å –±–æ–ª—å—à–æ–π, –º–æ–∂–Ω–æ –Ω–∞–π—Ç–∏ –≤—Å–µ —á—Ç–æ —Ç–µ–±–µ –Ω–∞–¥–æ \n"
354306,0,NEGATIVE,354306,–ü–ª–∞–Ω–µ—Ç–∞,"–ü–µ—Ä–º—å, —à–æ—Å—Å–µ –ö–æ—Å–º–æ–Ω–∞–≤—Ç–æ–≤, 162–ë",5,–¢–æ—Ä–≥–æ–≤—ã–π —Ü–µ–Ω—Ç—Ä;–†–∞–∑–≤–ª–µ–∫–∞—Ç–µ–ª—å–Ω—ã–π —Ü–µ–Ω—Ç—Ä,"–ú–Ω–æ–≥–æ –≤—Å–µ–≥–æ, —É—Å—Ç–∞–Ω–µ—à—å —Ö–æ–¥–∏—Ç—å. –í—Å–µ–≥–¥–∞ –µ—Å—Ç—å –º–µ—Å—Ç–æ –¥–ª—è –ø–∞—Ä–∫–æ–≤–∫–∏. –û–Ω–∞ –±–µ—Å–ø–ª–∞—Ç–Ω–∞—è. –ß—Ç–æ –Ω–∞ —É–ª–∏—Ü–µ, —á—Ç–æ –ø–æ–¥–∑–µ–º–Ω–∞—è. –ù–æ –∑–∏–º–æ–π –≤ –ø–æ–¥–∑–µ–º–Ω–æ–π –º–æ–∂–Ω–æ —É—Å—Ç—Ä–∞–∏–≤–∞—Ç—å –∑–∞–ø–ª—ã–≤—ã. –ù–∞–¥–æ —á—Ç–æ-—Ç–æ, –Ω–∞–≤–µ—Ä–Ω–æ–µ, —Å —ç—Ç–∏–º –¥–µ–ª–∞—Ç—å. –ê —Ç–∞–∫ –æ–≥—Ä–æ–º–Ω—ã–π –∏ –∫–ª–∞—Å—Å–Ω—ã–π –¢–†–¶"
354307,2,POSITIVE,354307,–ü–ª–∞–Ω–µ—Ç–∞,"–ü–µ—Ä–º—å, —à–æ—Å—Å–µ –ö–æ—Å–º–æ–Ω–∞–≤—Ç–æ–≤, 162–ë",5,–¢–æ—Ä–≥–æ–≤—ã–π —Ü–µ–Ω—Ç—Ä;–†–∞–∑–≤–ª–µ–∫–∞—Ç–µ–ª—å–Ω—ã–π —Ü–µ–Ω—Ç—Ä,"–û–≥—Ä–æ–º–Ω–æ–µ –∫–æ–ª–∏—á–µ—Å—Ç–≤–æ —Ä–∞–∑–Ω–æ–æ–±—Ä–∞–∑–Ω—ã—Ö –º–∞–≥–∞–∑–∏–Ω–æ–≤ –Ω–∞ –ª—é–±–æ–π –≤–∫—É—Å –∏ –∫–æ—à–µ–ª–µ–∫. \n–ï—Å—Ç—å –∫–∞—Ñ–µ –∏ —Ä–µ—Å—Ç–æ—Ä–∞–Ω, –≥–¥–µ –º–æ–∂–Ω–æ –≤–∫—É—Å–Ω–æ –ø–æ–∫—É—à–∞—Ç—å.\n–¢—É–∞–ª–µ—Ç—ã —á–∏—Å—Ç—ã–µ."
354308,0,POSITIVE,354308,–ü–ª–∞–Ω–µ—Ç–∞,"–ü–µ—Ä–º—å, —à–æ—Å—Å–µ –ö–æ—Å–º–æ–Ω–∞–≤—Ç–æ–≤, 162–ë",5,–¢–æ—Ä–≥–æ–≤—ã–π —Ü–µ–Ω—Ç—Ä;–†–∞–∑–≤–ª–µ–∫–∞—Ç–µ–ª—å–Ω—ã–π —Ü–µ–Ω—Ç—Ä,"–ë–æ–ª—å—à–æ–π —Ç–æ—Ä–≥–æ–≤–æ–π —Ä–∞–∑–≤–ª–µ–∫–∞—Ç–µ–ª—å–Ω—ã–π —Ü–µ–Ω—Ç—Ä. –ü—Ä–∞–∫—Ç–∏—á–µ—Å–∫–∏, –µ—Å—Ç—å –≤—Å–µ. –û—á–µ–Ω—å —É–¥–æ–±–Ω–∞—è –ø–æ–¥–∑–µ–º–Ω–∞—è –±–µ—Å–ø–ª–∞—Ç–Ω–∞—è —Å—Ç–æ—è–Ω–∫–∞."
354309,0,NEGATIVE,354309,–ü–ª–∞–Ω–µ—Ç–∞,"–ü–µ—Ä–º—å, —à–æ—Å—Å–µ –ö–æ—Å–º–æ–Ω–∞–≤—Ç–æ–≤, 162–ë",5,–¢–æ—Ä–≥–æ–≤—ã–π —Ü–µ–Ω—Ç—Ä;–†–∞–∑–≤–ª–µ–∫–∞—Ç–µ–ª—å–Ω—ã–π —Ü–µ–Ω—Ç—Ä,"–û—Ç–ª–∏—á–Ω—ã–π –¢–¶, –æ–≥—Ä–æ–º–Ω–∞—è –ø–∞—Ä–∫–æ–≤–∫–∞, —Å—É–ø–µ—Ä —Ä–∞–∑–≤–ª–µ—á–µ–Ω–∏–µ –¥–ª—è –¥–µ—Ç–µ–π!\n–ù–æ –∏–Ω–æ–≥–¥–∞ —É –≤–∞—Å —Ä–∞–±–æ—Ç–∞—é—Ç –Ω–µ –≤—Å–µ –Ω–∞–≤–∏–≥–∞—Ç–æ—Ä—ã –≤ –º–∞–≥–∞–∑–∏–Ω–µ("
354310,0,POSITIVE,354310,–ü–ª–∞–Ω–µ—Ç–∞,"–ü–µ—Ä–º—å, —à–æ—Å—Å–µ –ö–æ—Å–º–æ–Ω–∞–≤—Ç–æ–≤, 162–ë",5,–¢–æ—Ä–≥–æ–≤—ã–π —Ü–µ–Ω—Ç—Ä;–†–∞–∑–≤–ª–µ–∫–∞—Ç–µ–ª—å–Ω—ã–π —Ü–µ–Ω—Ç—Ä,"–ó–∞–º–µ—á–∞—Ç–µ–ª—å–Ω—ã–π —Ç–æ—Ä–≥–æ–≤—ã–π —Ü–µ–Ω—Ç—Ä. –ï—Å—Ç—å –ø–æ–ø—É–ª—è—Ä–Ω—ã–µ –±—É—Ç–∏–∫–∏ —Å –æ–¥–µ–∂–¥–æ–π, –¥–æ—Ä–æ–≥–æ–π –∏ –Ω–µ –æ—á–µ–Ω—å. –ï—Å—Ç—å –ø–∞—Ä–∏–∫–º–∞—Ö–µ—Ä—Å–∫–∞—è –¥–ª—è —Ä–µ–±—è—Ç–æ–∫, –º–µ—Å—Ç–æ –æ—Ç–¥—ã—Ö–∞. –ò –∫–æ–Ω–µ—á–Ω–æ –∂–µ –±–æ–ª—å—à–æ–π –∑–∞–ª —Ñ—É–¥ –∫–æ—Ä—Ç–∞, –≥–¥–µ –º–æ–∂–Ω–æ –ø–æ–µ—Å—Ç—å —Å –¥–µ—Ç—å–º–∏. –°–ø–æ–∫–æ–π–Ω–æ –º–æ–∂–Ω–æ –ø—Ä–æ–≥—É–ª—è—Ç—å—Å—è –ø–æ —ç—Ç–∞–∂–∞–º, –ø–æ—Å–∏–¥–µ—Ç—å –≤ —Å–ª—É—á–∞–µ —É—Å—Ç–∞–ª–æ—Å—Ç–∏. –ò –æ—á–µ–Ω—å —É–¥–æ–±–Ω–æ, —á—Ç–æ –∞–¥–º–∏–Ω–∏—Å—Ç—Ä–∞—Ü–∏—è –ø—Ä–æ–¥—É–º–∞–ª–∞ –∞—Ä–µ–Ω–¥—É –∫–æ–ª—è—Å–æ–∫ –¥–ª—è –º–∞–ª–µ–Ω—å–∫–∏—Ö –¥–µ—Ç–µ–π. –≠—Ç–æ –±–æ–ª—å—à–æ–π –ø–ª—é—Å –¥–ª—è –º–µ–Ω—è."
354311,0,POSITIVE,354311,–ü–ª–∞–Ω–µ—Ç–∞,"–ü–µ—Ä–º—å, —à–æ—Å—Å–µ –ö–æ—Å–º–æ–Ω–∞–≤—Ç–æ–≤, 162–ë",5,–¢–æ—Ä–≥–æ–≤—ã–π —Ü–µ–Ω—Ç—Ä;–†–∞–∑–≤–ª–µ–∫–∞—Ç–µ–ª—å–Ω—ã–π —Ü–µ–Ω—Ç—Ä,"–û—Ç–ª–∏—á–Ω—ã–π —Ç–æ—Ä–≥–æ–≤—ã–π —Ü–µ–Ω—Ç—Ä, —ç—Ç–æ —è —Ç–∞–∫ –ø–æ–Ω–∏–º–∞—é –∏–º–ø–æ—Ä—Ç–æ–∑–∞–º–µ—â–µ–Ω–∏–µ –æ—Ç –ü–µ—Ä–º—Å–∫–æ–≥–æ –∫—Ä–∞—è. –í–º–µ—Å—Ç–æ —Ç–æ–≥–æ —á—Ç–æ–±—ã –∑–∞–ø—É—Å—Ç–∏—Ç—å –∫ —Å–µ–±–µ –ò–∫–µ—é –æ–Ω–∏ —Å–∞–º–∏ —Å–≤–æ–π —Å–æ–±—Å—Ç–≤–µ–Ω–Ω—ã–π —Ç–æ—Ä–≥–æ–≤—ã–π —Ü–µ–Ω—Ç—Ä –æ—Ç—Å—Ç—Ä–æ–∏–ª–∏ –∏ –æ—á–µ–Ω—å —Ö–æ—Ä–æ—à–µ–≥–æ –∫–∞—á–µ—Å—Ç–≤–∞. –û–¥–Ω–æ–∑–Ω–∞—á–Ω–æ —Ä–µ–∫–æ–º–µ–Ω–¥—É—é –∫ –ø–æ—Å–µ—â–µ–Ω–∏—é."
354312,0,POSITIVE,354312,–ü–ª–∞–Ω–µ—Ç–∞,"–ü–µ—Ä–º—å, —à–æ—Å—Å–µ –ö–æ—Å–º–æ–Ω–∞–≤—Ç–æ–≤, 162–ë",5,–¢–æ—Ä–≥–æ–≤—ã–π —Ü–µ–Ω—Ç—Ä;–†–∞–∑–≤–ª–µ–∫–∞—Ç–µ–ª—å–Ω—ã–π —Ü–µ–Ω—Ç—Ä,"–í —ç—Ç–æ–º –¢–¶ –º–æ–∂–Ω–æ –∫–æ–º—Ñ–æ—Ä—Ç–Ω–æ —Å–¥–µ–ª–∞—Ç—å –ø–æ–∫—É–ø–∫–∏ –≤—Å–µ–π —Å–µ–º—å—ë–π. –ò –Ω–µ —Ç–æ–ª—å–∫–æ\n–ú–æ–∂–Ω–æ –∏ –ø–æ–¥—Å—Ç—Ä–∏—á—å—Å—è, –∏ —Ä–∞–∑–≤–ª–µ—á—å—Å—è –∏ –ø–æ–∫—É—à–∞—Ç—å\n–û—Å–æ–±–µ–Ω–Ω–æ —Ä–∞–¥—É–µ—Ç –æ–±—É—Å—Ç—Ä–æ–π—Å—Ç–≤–æ –∫–æ–º–Ω–∞—Ç—ã –º–∞—Ç–µ—Ä–∏ –∏ —Ä–µ–±–µ–Ω–∫–∞ . –í—Å–µ –¥–ª—è –¥–µ—Ç–µ–π)\n–ò –¥–∏–≤–∞–Ω—á–∏–∫–∏ –¥–ª—è –∫–æ—Ä–º–ª–µ–Ω–∏—è —Å –≤—ã—Å–æ–∫–∏–º –∏ –∑–∞–∫—Ä—ã—Ç—ã–º –ø—Ä–æ—Å—Ç—Ä–∞–Ω—Å—Ç–≤–æ–º –∏ –ø–µ–ª–µ–Ω–∞–ª—å–Ω—ã–π —Å—Ç–æ–ª —Å –æ–¥–Ω–æ—Ä–∞–∑–æ–≤—ã–º–∏ –ø–µ–ª–µ–Ω–∫–∞–º–∏, –º–∏–∫—Ä–æ–≤–æ–ª–Ω–æ–≤–∫–∞ —á—Ç–æ–±—ã –ø–æ–¥–æ–≥—Ä–µ—Ç—å –≤–æ–¥—É,—á–∏—Å—Ç–∞—è –ø–∏—Ç—å–µ–≤–∞—è –≤–æ–¥–∞, –ø–æ–¥–æ–≥—Ä–µ–≤–∞—Ç–µ–ª—å –¥–ª—è –±—É—Ç—ã–ª–æ—á–µ–∫ –∏ –¥–∞–∂–µ –∫—Ä–µ–º –¥–ª—è —Ä—É–∫\n–ê –µ—Å–ª–∏ —É –≤–∞—Å –Ω–µ —Ç–æ–ª—å–∫–æ –æ–¥–∏–Ω —Ä–µ–±–µ–Ω–æ–∫,–≤—Ç–æ—Ä–æ–π –º–æ–∂–µ—Ç –ø–æ–∏–≥—Ä–∞—Ç—å —Ä—è–¥–æ–º –∑–∞ —Å—Ç–æ–ª–æ–º —Å —Ä–∞—Å—Å–∫—Ä–∞—Å–∫–∞–º–∏ –∏ –¢.–¥\n–°–ø–∞—Å–∏–±–æ –∑–∞ –∑–∞–±–æ—Ç—É –æ –∫–æ—Ä–º—è—â–∏—Ö –º–∞—Ç–µ—Ä—è—Ö, –≤—Å–µ–≥–¥–∞ –∫–æ–≥–¥–∞ –µ–¥—É –≤ —ç—Ç–æ—Ç —Ü–µ–Ω—Ç—Ä,–Ω–µ –ø–µ—Ä–µ–∂–∏–≤–∞—é –∫–∞–∫ –±—ã—Ç—å —Å –∫–æ—Ä–º–ª–µ–Ω–∏–µ–º –º–∞–ª—ã—à–∞"
354313,0,NEGATIVE,354313,–ü–ª–∞–Ω–µ—Ç–∞,"–ü–µ—Ä–º—å, —à–æ—Å—Å–µ –ö–æ—Å–º–æ–Ω–∞–≤—Ç–æ–≤, 162–ë",4,–¢–æ—Ä–≥–æ–≤—ã–π —Ü–µ–Ω—Ç—Ä;–†–∞–∑–≤–ª–µ–∫–∞—Ç–µ–ª—å–Ω—ã–π —Ü–µ–Ω—Ç—Ä,"–í —ç—Ç–æ–º —Ç—Ü –≤—Å–µ –¥–ª—è –ª—é–¥–µ–π. –°–Ω–∏–º–∞—é –∑–≤–µ–∑–¥—É –∑–∞ —Ç–æ, —á—Ç–æ –±–∞—Ç—É—Ç—ã –Ω–∞ –≤—ã—Ö–æ–¥–Ω—ã—Ö —Ç–æ–ª—å–∫–æ –±–µ–∑–ª–∏–º–∏—Ç –∏ –Ω–µ–ª—å–∑—è –æ—Å—Ç–∞–≤–ª—è—Ç—å –¥–µ—Ç–µ–π. –ü–æ —Ñ–∞–∫—Ç—É —Ä–æ–¥–∏—Ç–µ–ª–∏ –≤ –∫–∞—Ñ–µ –Ω–∞ —Ç–µ—Ä—Ä–∏—Ç–æ—Ä–∏–∏ –∫–æ–º–ø–ª–µ–∫—Å–∞, –∏ –≤—Å–µ —Ä–∞–≤–Ω–æ –Ω–µ —Å–ª–µ–¥—è—Ç –∑–∞ –¥–µ—Ç—å–º–∏. –¢–∞–∫–∏–µ –ø–ª–æ—â–∞–¥–∫–∏ –¥–æ–ª–∂–Ω—ã —Å–æ–∑–¥–∞–≤–∞—Ç—å—Å—è –¥–ª—è —Ç–æ–≥–æ, —á—Ç–æ–± —Ä–æ–¥–∏—Ç–µ–ª–∏ –º–æ–≥–ª–∏ –ø–æ—Ö–æ–¥–∏—Ç—å –ø–æ –º–∞–≥–∞–∑–∏–Ω—É."
354314,0,POSITIVE,354314,–ü–ª–∞–Ω–µ—Ç–∞,"–ü–µ—Ä–º—å, —à–æ—Å—Å–µ –ö–æ—Å–º–æ–Ω–∞–≤—Ç–æ–≤, 162–ë",5,–¢–æ—Ä–≥–æ–≤—ã–π —Ü–µ–Ω—Ç—Ä;–†–∞–∑–≤–ª–µ–∫–∞—Ç–µ–ª—å–Ω—ã–π —Ü–µ–Ω—Ç—Ä,"–û—Ç–ª–∏—á–Ω—ã–π —Ç–æ—Ä–≥–æ–≤—ã–π —Ü–µ–Ω—Ç—Ä, –º–æ–π –ª—é–±–∏–º—ã–π –≤ –ü–µ—Ä–º–∏. –ù–æ–≤—ã–π, –∫—Ä–∞—Å–∏–≤—ã–π. –û–¥–Ω–æ –º–µ–Ω—è –ø–µ—á–∞–ª–∏—Ç, –º–∞–ª–æ —Ö–æ—Ä–æ—à–∏—Ö –º–µ—Å—Ç —á—Ç–æ–±—ã –ø–æ–∫—É—à–∞—Ç—å.. \n–ê –≤–æ—Ç –ø–∞—Ä–∫–æ–≤–∫–∞ –ø—Ä–æ—Å—Ç–æ —Å—É–ø–µ—Ä, –æ–≥—Ä–æ–º–Ω–∞—è!"
354315,0,POSITIVE,354315,–ü–ª–∞–Ω–µ—Ç–∞,"–ü–µ—Ä–º—å, —à–æ—Å—Å–µ –ö–æ—Å–º–æ–Ω–∞–≤—Ç–æ–≤, 162–ë",5,–¢–æ—Ä–≥–æ–≤—ã–π —Ü–µ–Ω—Ç—Ä;–†–∞–∑–≤–ª–µ–∫–∞—Ç–µ–ª—å–Ω—ã–π —Ü–µ–Ω—Ç—Ä,"–õ—É—á—à–∏–π —Ç–æ—Ä–≥–æ–≤—ã–π —Ü–µ–Ω—Ç—Ä –≤ –≥–æ—Ä–æ–¥–µ. –ú–∞–∫—Å–∏–º–∞–ª—å–Ω–æ —É–¥–æ–±–Ω—ã–π –∏ –ø–æ–Ω—è—Ç–Ω—ã–π. –ó–∏–º–æ–π —Ö–æ–¥–∏–ª–∏ –≥—É–ª—è—Ç—å —Å –∫–æ–ª—è—Å–∫–æ–π, –æ—á–µ–Ω—å —É–¥–æ–±–Ω–æüòä –¢–¶ –æ—á–µ–Ω—å –æ—Ä–∏–µ–Ω—Ç–∏—Ä–æ–≤–∞–Ω –Ω–∞ –ø–æ–∫—É–ø–∞—Ç–µ–ª–µ–π, –ø–∞—Ä–∫–æ–≤–∫–∞ –±–µ—Å–ø–ª–∞—Ç–Ω–∞—è-—Å—É–ø–µ—Ä, –ø–µ–ª–µ–Ω–∞–ª—å–Ω—ã–µ —Å—É–ø–µ—Ä, —Ä–µ—Å—Ç–æ—Ä–∞–Ω—ã –≤–∫—É—Å–Ω—ã–µ. –ü—Ä–æ—Å—Ç–æ—Ä –∏ —É–¥–æ–≤–æ–ª—å—Å—Ç–≤–∏–µ"
354316,0,POSITIVE,354316,–ü–ª–∞–Ω–µ—Ç–∞,"–ü–µ—Ä–º—å, —à–æ—Å—Å–µ –ö–æ—Å–º–æ–Ω–∞–≤—Ç–æ–≤, 162–ë",5,–¢–æ—Ä–≥–æ–≤—ã–π —Ü–µ–Ω—Ç—Ä;–†–∞–∑–≤–ª–µ–∫–∞—Ç–µ–ª—å–Ω—ã–π —Ü–µ–Ω—Ç—Ä,"–ü—Ä–æ—Å—Ç–æ —à–∏–∫–∞—Ä–Ω—ã–π –¢–¶ –≤–æ –≤—Å–µ–º –≥–æ—Ä–æ–¥–µ,–ª—É—á—à–µ –Ω–µ –Ω–∞–π—Ç–∏.–ï—Å—Ç—å –≤—Å–µ –º–∞–≥–∞–∑–∏–Ω—ã –æ—Ç –æ–¥–µ–∂–¥—ã –¥–æ —ç–ª–µ–∫—Ç—Ä–æ–Ω–∏–∫–∏.–¢—É–∞–ª–µ—Ç—ã –æ—á–µ–Ω—å –∫—Ä–∞—Å–∏–≤—ã–µ –∏ –º–æ–∂–Ω–æ —Ö–æ–¥–∏—Ç—å –≤—Å–µ–π —Å–µ–º—å—ë–π.–ï—Å–ª–∏ –ø–µ—Ä–≤—ã–π —Ä–∞–∑ –≤ –≥–æ—Ä–æ–¥–µ —Ç–æ —ç—Ç–æ –º–µ—Å—Ç–æ —Å–∞–º–æ–µ –ª—É—á—à–µ–µ"
354317,0,POSITIVE,354317,–ü–ª–∞–Ω–µ—Ç–∞,"–ü–µ—Ä–º—å, —à–æ—Å—Å–µ –ö–æ—Å–º–æ–Ω–∞–≤—Ç–æ–≤, 162–ë",5,–¢–æ—Ä–≥–æ–≤—ã–π —Ü–µ–Ω—Ç—Ä;–†–∞–∑–≤–ª–µ–∫–∞—Ç–µ–ª—å–Ω—ã–π —Ü–µ–Ω—Ç—Ä,"–ë–æ–ª—å—à–æ–π , –°–æ–≤—Ä–µ–º–µ–Ω–Ω—ã–π, —É–¥–æ–±–Ω—ã–π —Ç–æ—Ä–≥–æ–≤—ã–π —Ü–µ–Ω—Ç—Ä, –ø–æ–∂–∞–ª—É–π, –Ω–∞ —Å–µ–≥–æ–¥–Ω—è—à–Ω–∏–π –¥–µ–Ω—å –ª—É—á—à–∏–π –≤ –ü–µ—Ä–º–∏. –£—á–∏—Ç—ã–≤–∞—è —Å–µ–≥–æ–¥–Ω—è—à–Ω—é—é —Å–∏—Ç—É–∞—Ü–∏—é —Ö–æ—Ä–æ—à–∏–π –ø–æ–¥–±–æ—Ä –∞—Ä–µ–Ω–¥–∞—Ç–æ—Ä–æ–≤. –ï—Å—Ç—å –ø—Ä–µ–º–∏–∞–ª—å–Ω—ã–µ –±—Ä–µ–Ω–¥—ã. –û–¥–µ–∂–¥—É –∏ –æ–±—É–≤—å –º–æ–∂–Ω–æ –ø–æ–¥–æ–±—Ä–∞—Ç—å. –ò–∑ –Ω–µ–¥–æ—Å—Ç–∞—Ç–∫–æ–≤: –¥—É—Ä–∞—Ü–∫–∞—è –æ—Ä–≥–∞–Ω–∏–∑–∞—Ü–∏—è –∑–∞–µ–∑–¥–∞ –Ω–∞ –ø–∞—Ä–∫–æ–≤–∫—É —Å–æ —Å—Ç–æ—Ä–æ–Ω—ã –®–æ—Å—Å–µ –ö–æ—Å–º–æ–Ω–∞–≤—Ç–æ–≤."
354318,-1,POSITIVE,354318,–ü–ª–∞–Ω–µ—Ç–∞,"–ü–µ—Ä–º—å, —à–æ—Å—Å–µ –ö–æ—Å–º–æ–Ω–∞–≤—Ç–æ–≤, 162–ë",5,–¢–æ—Ä–≥–æ–≤—ã–π —Ü–µ–Ω—Ç—Ä;–†–∞–∑–≤–ª–µ–∫–∞—Ç–µ–ª—å–Ω—ã–π —Ü–µ–Ω—Ç—Ä,"–õ—é–±–∏–º–æ–µ –º–µ—Å—Ç–æ, —ç—Ç–æ –∫–∞–∫ 3 –≤ –æ–¥–Ω–æ–º: –ø—É—Ç–µ—à–µ—Å—Ç–≤–∏–µ –∏–∑ –õ–µ–Ω–∏–Ω—Å–∫–æ–≥–æ —Ä–∞–π–æ–Ω–∞, –≤–æ–∑–º–æ–∂–Ω–æ—Å—Ç—å —Å—Ö–æ–¥–∏—Ç—å –≤ –õ–µ—Ä—É–∞ –∏ —É–¥–æ–≤–ª–µ—Ç–≤–æ—Ä–∏—Ç—å –ø–æ—Ç—Ä–µ–±–Ω–æ—Å—Ç–∏ –≤ –ü–ª–∞–Ω–µ—Ç–µ. –ù–∏ —Ä–∞–∑—É —Å –ø—É—Å—Ç—ã–º–∏ —Ä—É–∫–∞–º–∏ –Ω–µ —É—à–ª–∏. –ü–æ—Å—Ç–æ—è–Ω–Ω—ã–µ —Ä–æ–∑—ã–≥—Ä—ã—à–∏ –∏ –º–µ—Ä–æ–ø—Ä–∏—è—Ç–∏—è, –Ω–µ –≤—ã–∏–≥—Ä—ã–≤–∞–ª–∏ —Ç–æ–ª—å–∫–æ..."
354319,0,NEUTRAL,354319,–ü–ª–∞–Ω–µ—Ç–∞,"–ü–µ—Ä–º—å, —à–æ—Å—Å–µ –ö–æ—Å–º–æ–Ω–∞–≤—Ç–æ–≤, 162–ë",5,–¢–æ—Ä–≥–æ–≤—ã–π —Ü–µ–Ω—Ç—Ä;–†–∞–∑–≤–ª–µ–∫–∞—Ç–µ–ª—å–Ω—ã–π —Ü–µ–Ω—Ç—Ä,–û–≥—Ä–æ–º–Ω–æ–µ –∫–æ–ª–∏—á–µ—Å—Ç–≤–æ –º–∞–≥–∞–∑–∏–Ω–æ–≤ –æ–¥–µ–∂–¥—ã –Ω–∞ –ª—é–±–æ–π –∫–æ—à–µ–ª—ë–∫!
391425,0,POSITIVE,391425,–ü–ª–∞–Ω–µ—Ç–∞,"–†–æ—Å—Ç–æ–≤—Å–∫–∞—è –æ–±–ª–∞—Å—Ç—å, –ë–µ–ª–∞—è –ö–∞–ª–∏—Ç–≤–∞, –†–æ—Å—Ç–æ–≤—Å–∫–∞—è —É–ª–∏—Ü–∞, 1",5,–ú–∞–≥–∞–∑–∏–Ω –æ–¥–µ–∂–¥—ã;–ú–∞–≥–∞–∑–∏–Ω –æ–±—É–≤–∏,"–•–æ—Ä–æ—à–∏–π –º–∞–≥–∞–∑–∏–Ω, –≤—Å—ë –µ—Å—Ç—å, –¥–∞–ª—å–Ω–µ–π—à–∞—è –≤—Å–µ–≥–¥–∞ —Ä–∞–±–æ—Ç–∞–µ—Ç –±–µ–∑–Ω–∞–ª–∏—á–Ω—ã–π —Ä–∞—Å—á—ë—Ç, –∞ –±–∞–Ω–∫–æ–º–∞—Ç—ã –≤ —Ç–æ—Ä–≥–æ–≤–æ–º —Ü–µ–Ω—Ç—Ä–µ –Ω–µ—Ç."
391426,0,POSITIVE,391426,–ü–ª–∞–Ω–µ—Ç–∞,"–†–æ—Å—Ç–æ–≤—Å–∫–∞—è –æ–±–ª–∞—Å—Ç—å, –ë–µ–ª–∞—è –ö–∞–ª–∏—Ç–≤–∞, –†–æ—Å—Ç–æ–≤—Å–∫–∞—è —É–ª–∏—Ü–∞, 1",4,–ú–∞–≥–∞–∑–∏–Ω –æ–¥–µ–∂–¥—ã;–ú–∞–≥–∞–∑–∏–Ω –æ–±—É–≤–∏,"–•–æ—Ä–æ—à–∞—è –µ–¥–∞ –≤ –≤–∏–¥–µ –ø–∏—Ü—ã –∂–∞—Ä–µ–Ω—ã—Ö –∫—Ä—ã–ª—ã—à–µ–∫ –∏ –±—É—Ä–≥–µ—Ä–æ–≤, —Ö–æ—Ä–æ—à–∏–π –∫–∏–Ω–æ—Ç–µ–∞—Ç—Ä, —Ö–æ—Ä–æ—à–∏–µ –º–µ—Å—Ç–æ –¥–ª—è –¥–µ—Ç—Å–∫–∏—Ö —Ä–∞–∑–≤–ª–µ—á–µ–Ω–∏–π, –¥–µ—Ç—Å–∫–∏–π –º–∏—Ä, –æ—Ç–Ω–æ—Å–∏—Ç–µ–ª—å–Ω–æ –¥–µ—à—ë–≤—ã–π –º–∞–≥–∞–∑–∏–Ω –ø—Ä–∞–∫—Ç–∏—á–µ—Å–∫–∏–º –≤—Å–µ–π –æ–¥–µ–∂–¥—ã, –æ—Ç –Ω–æ—Å–∫–æ–≤ –¥–æ –ø–µ—Ä—á–∞—Ç–æ–∫. –ú–∞–≥–∞–∑–∏–Ω –æ–±—É–≤–∏, –Ω–µ —Å—Ç–æ—é—â–∏—Ö —Å–≤–æ–∏—Ö –¥–µ–Ω–µ–≥. –í —Ü–µ–ª–æ–º —Ö–æ—Ä–æ—à–∏–π —Ç–æ—Ä–≥–æ–≤–æ-—Ä–∞–∑–≤–ª–µ–∫–∞—Ç–µ–ª—å–Ω—ã–π —Ü–µ–Ω—Ç—Ä. "
394554,0,POSITIVE,394554,–ü–ª–∞–Ω–µ—Ç–∞,"–¢—é–º–µ–Ω—å, –ú–∞–≥–∏—Å—Ç—Ä–∞–ª—å–Ω–∞—è —É–ª–∏—Ü–∞, 10–ê",4,–ú–∞–≥–∞–∑–∏–Ω –æ–¥–µ–∂–¥—ã;–ú–∞–≥–∞–∑–∏–Ω –¥–µ—Ç—Å–∫–æ–π –æ–¥–µ–∂–¥—ã;–ú–∞–≥–∞–∑–∏–Ω –æ–±—É–≤–∏,"–û—Ç–ª–∏—á–Ω—ã–µ —Ü–µ–Ω—ã –∏ –∫–∞—á–µ—Å—Ç–≤–æ. –í–µ–∂–ª–∏–≤—ã–π, –æ—Ç–∑—ã–≤—á–∏–≤—ã–π –ø–µ—Ä—Å–æ–Ω–∞–ª. –ù–∞–º–Ω–æ–≥–æ –ª—É—á—à–µ –±—É—Ç–∏–∫–æ–≤ –ø–æ –ø—Ä–æ–¥–∞–∂–µ –æ–¥–µ–∂–¥—ã –∏ —Ç–æ–≤–∞—Ä–æ–≤ –¥–ª—è –¥–æ–º–∞. –ù–µ–¥–∞–ª—ë–∫–æ –æ—Ç –¥–æ–º–∞."
398791,1,NEGATIVE,398791,–ü–ª–∞–Ω–µ—Ç–∞,"–°–∞–Ω–∫—Ç-–ü–µ—Ç–µ—Ä–±—É—Ä–≥, –ó–∞–≥–æ—Ä–æ–¥–Ω—ã–π –ø—Ä–æ—Å–ø–µ–∫—Ç, 45",1,–¢—É—Ä–∞–≥–µ–Ω—Ç—Å—Ç–≤–æ,"–î–∏—Ä–µ–∫—Ç–æ—Ä –¥–∞–Ω–Ω–æ–π —Ç—É—Ä—Ñ–∏—Ä–º—ã –ö–∞–±–∞–Ω–æ–≤–∞ –°. –ê. —è–≤–ª—è–ª–∞—Å—å —Ç–∞–∫–∂–µ –¥–∏—Ä–µ–∫—Ç–æ—Ä–æ–º —Ñ–∏—Ä–º—ã —Å –Ω–∞–∑–≤–∞–Ω–∏–µ–º –û–û–û ""–¢—É—Ä–æ–ø–µ—Ä–∞—Ç–æ—Ä –ü–ª–∞–Ω–µ—Ç–∞ "". –≠—Ç–∏ —Ñ–∏—Ä–º—ã –Ω–∞—Ö–æ–¥–∏–ª–∏—Å—å –ø–æ –æ–¥–Ω–æ–º—É –∞–¥—Ä–µ—Å—É. –í –æ—Ç–Ω–æ—à–µ–Ω–∏–∏ —Ñ–∏—Ä–º—ã –∏–º–µ–µ—Ç—Å—è —Ä—è–¥ –≥—Ä–∞–∂–¥–∞–Ω—Å–∫–∏—Ö –¥–µ–ª –Ω–µ–∏—Å–ø–æ–ª–Ω–µ–Ω–∏–µ –æ–±—è–∑–∞—Ç–µ–ª—å—Å—Ç–≤. –û—Ç –¥–µ–π—Å—Ç–≤–∏–π —Ñ–∏—Ä–º—ã –ø–æ—Å—Ç—Ä–∞–¥–∞–ª–æ –±–æ–ª–µ–µ 50 —á–µ–ª–æ–≤–µ–∫. –û–±—Ä–∞—â–∞—Ç—å—Å—è –≤ –¥–∞–Ω–Ω—É—é —Ñ–∏—Ä–º—É –Ω–µ —Ä–µ–∫–æ–º–µ–Ω–¥—É—é."
398792,1,NEGATIVE,398792,–ü–ª–∞–Ω–µ—Ç–∞,"–°–∞–Ω–∫—Ç-–ü–µ—Ç–µ—Ä–±—É—Ä–≥, –ó–∞–≥–æ—Ä–æ–¥–Ω—ã–π –ø—Ä–æ—Å–ø–µ–∫—Ç, 45",5,–¢—É—Ä–∞–≥–µ–Ω—Ç—Å—Ç–≤–æ,"–£–≤–∞–∂–∞–µ–º—ã–π... –í—ã –Ω–∞–≤–µ—Ä–Ω–æ–µ —è–≤–ª—è–ª–∏—Å—å ""–æ–±–º–∞–Ω—É—Ç—ã–º –∫–ª–∏–µ–Ω—Ç–æ–º""  –û–û–û ""–¢—É—Ä–æ–ø–µ—Ä–∞—Ç–æ—Ä –ü–ª–∞–Ω–µ—Ç–∞""?\n–û—Ç–∑—ã–≤ –í–∞—à –Ω–µ –∫–æ—Ä—Ä–µ–∫—Ç–µ–Ω, —Ç–∞–∫ –∫–∞–∫ –í—ã —è–≤–Ω–æ –Ω–µ –≤ –∫—É—Ä—Å–µ –≤—Å–µ—Ö —Å–æ–±—ã—Ç–∏–π –ø–æ –¥–∞–Ω–Ω–æ–º—É –¥–µ–ª—É.\n–°–æ–æ–±—â–∞–µ–º, —á—Ç–æ –º–µ–Ω–µ–¥–∂–µ—Ä, –æ–±–º–∞–Ω—É–≤—à–∞—è –∫–ª–∏–µ–Ω—Ç–æ–≤, –§–µ–¥–æ—Å–µ–µ–≤–∞ –Æ.–ê. –æ—Ç–±—ã–≤–∞–µ—Ç —Å—Ä–æ–∫ –≤ –∂–µ–Ω—Å–∫–æ–π —Ç—é—Ä—å–º–µ –≥. –°–ü–± —Å –º–∞—è 2022 –≥–æ–¥–∞ –ø–æ —Å—Ç–∞—Ç—å–µ 159 —á. 3 –£–ö –†–§ - –º–æ—à–µ–Ω–Ω–∏—á–µ—Å—Ç–≤–æ –∫—Ä—É–ø–Ω–æ–º —Ä–∞–∑–º–µ—Ä–µ. –û–û–û ""–¢—É—Ä–æ–ø–µ—Ä–∞—Ç–æ—Ä –ü–ª–∞–Ω–µ—Ç–∞""  –≤—ã—Å—Ç—É–ø–∞–ª–æ –∫–∞–∫ —Å–≤–∏–¥–µ—Ç–µ–ª—å –æ–±–≤–∏–Ω–µ–Ω–∏—è.\n–ï—Å–ª–∏ —É –í–∞—Å –∏–º–µ—é—Ç—Å—è –≤–æ–ø—Ä–æ—Å—ã, —Ç–æ –¥–æ–±—Ä–æ –ø–æ–∂–∞–ª–æ–≤–∞—Ç—å –≤ –Ω–∞—à –æ—Ñ–∏—Å. "
400527,2,POSITIVE,400527,–ü–ª–∞–Ω–µ—Ç–∞,"–ß–µ–ª—è–±–∏–Ω—Å–∫, —É–ª–∏—Ü–∞ –ú–æ–ª–æ–¥–æ–≥–≤–∞—Ä–¥–µ–π—Ü–µ–≤, 37–ë",5,–ì–æ—Å—Ç–∏–Ω–∏—Ü–∞,"–û—á–µ–Ω—å –ø–æ–Ω—Ä–≤–∏–ª–∞—Å—å –≥–æ—Å—Ç–∏–Ω–∏—Ü–∞ –ü–ª–∞–Ω–µ—Ç–∞,–µ—Å—Ç—å –æ—Ö—Ä–∞–Ω—è–µ–º–∞—è –ø–∞—Ä–∫–æ–≤–∫–∞,–Ω–∞ –ø–µ—Ä–≤–æ–º —ç—Ç–∞–∂–µ —Ä–µ—Å—Ç–æ—Ä–∞–Ω,–º–æ–∂–Ω–æ –∑–∞–≤—Ç—Ä–∞–∫ –≤–∫–ª—é—á–∏—Ç—å –≤ —Å—Ç–æ–∏–º–æ—Å—Ç—å.–í –Ω–æ–º–µ—Ä–µ –µ—Å—Ç—å —Ö–æ–ª–æ–¥–∏–ª—å–Ω–∏–∫,—Ç–µ–ª–µ–≤–∏–∑–æ—Ä,–æ—á–µ–Ω—å —Ö–æ—Ä–æ—à–∞—è –∫—Ä–æ–≤–∞—Ç—å,–∫—É–ª–µ—Ä —Å –≥–æ—Ä—è—á–µ–π –≤–æ–¥–æ–π –µ—Å—Ç—å –Ω–∞ —ç—Ç–∞–∂–µ,–Ω–∞ –¥–≤–∞ –Ω–æ–º–µ—Ä–∞ –æ–¥–∏–Ω —Å–∞–Ω—É–∑–µ–ª.–†–µ–∫–æ–º–µ–Ω–¥—É—é."
400528,-1,POSITIVE,400528,–ü–ª–∞–Ω–µ—Ç–∞,"–ß–µ–ª—è–±–∏–Ω—Å–∫, —É–ª–∏—Ü–∞ –ú–æ–ª–æ–¥–æ–≥–≤–∞—Ä–¥–µ–π—Ü–µ–≤, 37–ë",5,–ì–æ—Å—Ç–∏–Ω–∏—Ü–∞,"–û—Ç–ª–∏—á–Ω–∞—è –≥–æ—Å—Ç–∏–Ω–∏—Ü–∞, –æ—á–µ–Ω—å —á–∏—Å—Ç–æ, —É–¥–æ–±–Ω—ã–µ –Ω–æ–º–µ—Ä–∞, —É–¥–æ–±–Ω—ã–µ –∫—Ä–æ–≤–∞—Ç–∏, –±–µ–ª–æ–µ –±–µ–ª—å—ë, –≤–∫—É—Å–Ω—ã–µ –∑–∞–≤—Ç—Ä–∞–∫–∏ (–ø—Ä–∞–≤–¥–∞ —Å–ª–∏—à–∫–æ–º —Å–ª–∞–¥–∫–∏–µ, –Ω–æ –¥–µ—Ç—è–º –∏ —Å–ª–∞–¥–∫–æ–µ–∂–∫–∞–º –ø–æ–Ω—Ä–∞–≤–∏—Ç—Å—è), –æ—á–µ–Ω—å —Ç–∏—Ö–æ, –∑–∞–∫—Ä—ã—Ç–∞—è –ø–∞—Ä–∫–æ–≤–∫–∞, –æ—á–µ–Ω—å –≤–µ–∂–ª–∏–≤—ã–µ —Å–æ—Ç—Ä—É–¥–Ω–∏–∫–∏"
400529,1,POSITIVE,400529,–ü–ª–∞–Ω–µ—Ç–∞,"–ß–µ–ª—è–±–∏–Ω—Å–∫, —É–ª–∏—Ü–∞ –ú–æ–ª–æ–¥–æ–≥–≤–∞—Ä–¥–µ–π—Ü–µ–≤, 37–ë",5,–ì–æ—Å—Ç–∏–Ω–∏—Ü–∞,"–ë—ã–≤–∞–ª –ø–æ –†–æ—Å—Å–∏–∏ –≤–æ –º–Ω–æ–≥–∏—Ö –≥–æ—Å—Ç–∏–Ω–∏—Ü–∞—Ö —Ö–æ—Å—Ç–µ–ª–æ–≤, —Ç—É—Ç –º—ã –ø–æ–ª—É—á–∏–ª–∏ —à–∏–∫–∞—Ä–Ω—ã–π 2—Ö –∫–æ–º–Ω–∞—Ç–Ω—ã–π –Ω–æ–º–µ—Ä –Ω–∞ 4—Ö, —è –∂–µ–Ω–∞ –∏ –¥–≤–æ–µ –¥–µ—Ç–µ–π —á–∏—Å—Ç—ã–π –æ–ø—Ä—è—Ç–Ω—ã–π —Å –≤–∏–¥—É —Å–æ–≤—Ä–µ–º–µ–Ω–Ω—ã–π –Ω–æ–º–µ—Ä –∫–æ–Ω–¥–µ—Ä —Ç–µ–ª–µ–≤–∏–∑–æ—Ä –∏ —Ç–¥. –ó–∞ 2800 –ø—Ä–æ—Å—Ç–æ —à–∏–∫ –Ω–∞ 9 —ç—Ç–∞–∂–µ –∏ —Å–∞–º –æ—Ç–µ–ª—å —Å –Ω–µ–ø–ª–æ—Ö–∏–º –≤–∏–¥–æ–º –≤ –≤–Ω—É—Ç—Ä–∏ —Ö–æ—Ä–æ—à–∏–π –Ω–µ–¥–æ—Ä–æ–≥–æ–π —Ä–µ—Å—Ç–æ—Ä–∞–Ω!!! –û—á–µ–Ω—å –ø–æ–Ω—Ä–∞–≤–∏–ª–æ—Å—å –≤—Å–µ–º –Ω–∞–º –±–æ–ª—å—à–æ–µ —Å–ø–∞—Å–∏–±–æ!!!"
409324,1,POSITIVE,409324,–ü–ª–∞–Ω–µ—Ç–∞,"–ù–æ–≤–æ—Å–∏–±–∏—Ä—Å–∫, —É–ª–∏—Ü–∞ –§—Ä—É–Ω–∑–µ, 2–ë",5,–•–æ—Å—Ç–µ–ª,–û—Ç–ª–∏—á–Ω—ã–π —Ö–æ—Å—Ç–µ–ª. –ü—Ä–∏—è—Ç–Ω–æ —É–¥–∏–≤–ª–µ–Ω—ã –Ω–∞—Ö–æ–¥–∏–º—Å—è –≤ –¥–∞–Ω–Ω—ã–π –º–æ–º–µ–Ω—Ç –≤ —Å–µ–º–µ–π–Ω–æ–º –Ω–æ–º–µ—Ä–µ!!! –í—Å—ë —Å—É–ø–µ—Ä!!!
416252,1,POSITIVE,416252,–ü–ª–∞–Ω–µ—Ç–∞,"–ù–∏–∂–µ–≥–æ—Ä–æ–¥—Å–∫–∞—è –æ–±–ª–∞—Å—Ç—å, —Å–µ–ª–æ –î–∏–≤–µ–µ–≤–æ, –ê—Ä–∑–∞–º–∞—Å—Å–∫–∞—è —É–ª–∏—Ü–∞, 62–ê",5,–ì–æ—Å—Ç–∏–Ω–∏—Ü–∞,"–û—á–µ–Ω—å –ø–æ–Ω—Ä–∞–≤–∏–ª–æ—Å—å. –ì–µ–æ–ª–æ–∫–∞—Ü–∏—è –æ—Ç–ª–∏—á–Ω–∞—è, –≤—Å—ë –Ω—É–∂–Ω–æ–µ —Ä—è–¥–æ–º. –ù–æ–º–µ—Ä —Ö–æ—Ä–æ—à–∏–π, —Å–æ–ª–Ω–µ—á–Ω–∞—è —Å—Ç–æ—Ä–æ–Ω–∞. –î–æ —Ö—Ä–∞–º–∞ 10 –º–∏–Ω—É—Ç –ø–µ—à–∫–æ–º. –ö—É–ø–µ–ª–∏ 15-20 –º–∏–Ω—É—Ç —Ö–æ–¥—å–±—ã. –¶–µ–Ω–∞ —É–º–µ—Ä–µ–Ω–Ω–∞—è, –≤—Å—ë –Ω–µ–æ–±—Ö–æ–¥–∏–º–æ–µ –µ—Å—Ç—å –≤ –Ω–æ–º–µ—Ä–µ. \n"
416253,-1,NEUTRAL,416253,–ü–ª–∞–Ω–µ—Ç–∞,"–ù–∏–∂–µ–≥–æ—Ä–æ–¥—Å–∫–∞—è –æ–±–ª–∞—Å—Ç—å, —Å–µ–ª–æ –î–∏–≤–µ–µ–≤–æ, –ê—Ä–∑–∞–º–∞—Å—Å–∫–∞—è —É–ª–∏—Ü–∞, 62–ê",5,–ì–æ—Å—Ç–∏–Ω–∏—Ü–∞,"–ß–∏—Å—Ç—ã–π –Ω–æ–º–µ—Ä , —É–¥–æ–±–Ω–æ–µ —Ä–∞—Å–ø–æ–ª–æ–∂–µ–Ω–∏–µ –º–æ–∂–Ω–æ –ø–µ—à–∫–æ–º –¥–æ–π—Ç–∏ –¥–æ —Ö—Ä–∞–º–∞ –∏ –¥–æ –∏—Å—Ç–æ—á–Ω–∏–∫–æ–≤, –µ—Å—Ç—å –º–µ—Å—Ç–æ –¥–ª—è –ø–∞—Ä–∫–æ–≤–∫–∏  –∞–≤—Ç–æ–º–æ–±–∏–ª—è, –≤–µ–∂–ª–∏–≤—ã–π –ø–µ—Ä—Å–æ–Ω–∞–ª."
416254,1,POSITIVE,416254,–ü–ª–∞–Ω–µ—Ç–∞,"–ù–∏–∂–µ–≥–æ—Ä–æ–¥—Å–∫–∞—è –æ–±–ª–∞—Å—Ç—å, —Å–µ–ª–æ –î–∏–≤–µ–µ–≤–æ, –ê—Ä–∑–∞–º–∞—Å—Å–∫–∞—è —É–ª–∏—Ü–∞, 62–ê",5,–ì–æ—Å—Ç–∏–Ω–∏—Ü–∞,"–£ –º–µ–Ω—è –±—ã–ª –Ω–æ–º–µ—Ä –Ω–∞ –¥–≤–æ–∏—Ö. –ß–∏—Å—Ç–æ, –¥—É—à –∏ —Ç—É–∞–ª–µ—Ç –≤ –Ω–æ–º–µ—Ä–µ. –ù–∞ —Å—Ç–æ–ª–µ —Å—Ç–æ–∏—Ç —á–∞–π–Ω–∏–∫.\n–ß–∏—Å—Ç–æ –∏ —Å–≤–µ–∂–æ."
416255,2,POSITIVE,416255,–ü–ª–∞–Ω–µ—Ç–∞,"–ù–∏–∂–µ–≥–æ—Ä–æ–¥—Å–∫–∞—è –æ–±–ª–∞—Å—Ç—å, —Å–µ–ª–æ –î–∏–≤–µ–µ–≤–æ, –ê—Ä–∑–∞–º–∞—Å—Å–∫–∞—è —É–ª–∏—Ü–∞, 62–ê",5,–ì–æ—Å—Ç–∏–Ω–∏—Ü–∞,"–î–∞–≤–æ–ª—å–Ω–æ —Ç–∞–∫–∏ —É—é—Ç–Ω–µ–Ω—å–∫–∞—è  —á–∏—Å—Ç–µ–Ω—å–∫–∞—è –≥–æ—Å—Ç–∏–Ω–∏—Ü–∞, –•–æ—Ä–æ—à–∏–µ –Ω–æ–º–µ—Ä–∞, –≤ –∫–∞—Ñ–µ –∫–æ—Ç–æ—Ä–æ–µ —Ä–∞—Å–ø–æ–ª–æ–∂–µ–Ω–æ –≤ —Ü–æ–∫–æ–ª–µ —ç—Ç–æ–≥–æ –∂–µ –∑–¥–∞–Ω–∏—è –º–æ–∂–Ω–æ –≤–∫—É—Å–Ω–æ –ø–æ–∫—É—à–∞—Ç—å.üëçüëçüëç"
416256,1,NEGATIVE,416256,–ü–ª–∞–Ω–µ—Ç–∞,"–ù–∏–∂–µ–≥–æ—Ä–æ–¥—Å–∫–∞—è –æ–±–ª–∞—Å—Ç—å, —Å–µ–ª–æ –î–∏–≤–µ–µ–≤–æ, –ê—Ä–∑–∞–º–∞—Å—Å–∫–∞—è —É–ª–∏—Ü–∞, 62–ê",1,–ì–æ—Å—Ç–∏–Ω–∏—Ü–∞,"–ó–∞—Å–µ–ª—è–ª–∏—Å—å –≤ –ø–æ–ª—É–ª—é–∫—Å, –ø–æ —Ü–µ–Ω–µ 2800—Ä —Å—É—Ç–∫–∏. –ö–∞–∫ –∑–∞—à–ª–∏ –≤ –Ω–æ–º–µ—Ä, —É–≤–∏–¥–µ–ª–∏ –º–æ–∫—Ä–∏—Ü—É –≤ –≤–∞–Ω–Ω–æ–π, –ø–æ—Ç–æ–º –≤—Ç–æ—Ä—É—é, –≤–æ–∑–ª–µ –∫—Ä–æ–≤–∞—Ç–∏. –û—á–µ–Ω—å –º–∞–ª–µ–Ω—å–∫–∞—è –ø–ª–æ—â–∞–¥—å –Ω–æ–º–µ—Ä–∞. –®–∫–∞—Ñ–∞ –ø–æ–¥ –æ–¥–µ–∂–¥—É –Ω–µ—Ç, –±–æ–ª—å—à–æ–≥–æ –∑–µ—Ä–∫–∞–ª–∞ –Ω–µ—Ç. –ó–µ—Ä–∫–∞–ª–æ —Ç–æ–ª—å–∫–æ –≤ —Å–∞–Ω—É–∑–ª–µ, –Ω–æ —Å–≤–µ—Ç —Ç–∞–º –Ω–∞—Å—Ç–æ–ª—å–∫–æ —Ç—É—Å–∫–ª—ã–π, —á—Ç–æ –±—Ä–∏—Ç—å—Å—è –ø—Ä–∏—à–ª–æ—Å—å –ø–æ—á—Ç–∏ –Ω–∞ –æ—â—É–ø—å. –£—Ç—Ä–æ–º, –±–µ–∑ –ø—Ä–µ–¥—É–ø—Ä–µ–∂–¥–µ–Ω–∏—è, –æ—Ç–∫–ª—é—á–∏–ª–∏ –≤–æ–¥—É –Ω–∞ –ø–æ–ª—á–∞—Å–∞. –ü–æ—Å—Ç–µ–ª–æ–µ –Ω–∞—Å—Ç–æ–ª—å–∫–æ –∑–∞—Å—Ç–∏—Ä–∞–Ω–æ, —á—Ç–æ –±–æ–ª—å—à–µ –Ω–∞–ø–æ–º–∏–Ω–∞–µ—Ç –º–∞—Ä–ª—é. –ü–æ–∫—Ä—ã–≤–∞–ª–æ —Å –¥—ã—Ä–∫–æ–π. –û–∫–æ–ª–æ –¥–≤—É—Å–ø–∞–ª—å–Ω–æ–π –∫—Ä–æ–≤–∞—Ç–∏ –¥–≤–µ —Ç—É–º–±–æ—á–∫–∏, –Ω–æ –ª–∞–º–ø–∞ —Ç–æ–ª—å–∫–æ –æ–¥–Ω–∞."
418744,0,POSITIVE,418744,–ü–ª–∞–Ω–µ—Ç–∞,"–†–µ—Å–ø—É–±–ª–∏–∫–∞ –¢–∞—Ç–∞—Ä—Å—Ç–∞–Ω, –ö–∞–∑–∞–Ω—å, –í–∞—Ö–∏—Ç–æ–≤—Å–∫–∏–π —Ä–∞–π–æ–Ω, —É–ª–∏—Ü–∞ –¢–∞—Ç–∞—Ä—Å—Ç–∞–Ω, 20",5,–ú–∞–≥–∞–∑–∏–Ω –æ–¥–µ–∂–¥—ã;–ú–∞–≥–∞–∑–∏–Ω –≥–∞–ª–∞–Ω—Ç–µ—Ä–µ–∏ –∏ –∞–∫—Å–µ—Å—Å—É–∞—Ä–æ–≤;–ú–∞–≥–∞–∑–∏–Ω –æ–±—É–≤–∏,"–ë–æ–ª—å—à–æ–π –º–∞–≥–∞–∑–∏–Ω —Å —Ä–∞–∑–Ω–æ–æ–±—Ä–∞–∑–Ω—ã–º –≤—ã–±–æ—Ä–æ–º –æ–¥–µ–∂–¥—ã –∏ –æ–±—É–≤–∏ –Ω–∞ –∫–∞–∂–¥—ã–π –¥–µ–Ω—å,—Ü–µ–Ω—ã —Å—Ä–µ–¥–Ω–∏–µ,–ø—Ä–æ–¥–∞–≤—Ü—ã –≤–µ–∂–ª–∏–≤—ã–µ, –º–æ–∂–Ω–æ –ø–æ–ª—É—á–∏—Ç—å —Å–∫–∏–¥–∫—É –Ω–∞ —Ç–æ–≤–∞—Ä,—Å–æ–≤–µ—Ç—É—é –¥–ª—è –ø–æ—Å–µ—â–µ–Ω–∏—è"
426814,-1,POSITIVE,426814,–ü–ª–∞–Ω–µ—Ç–∞,"–ö—É—Ä—Å–∫–∞—è –æ–±–ª–∞—Å—Ç—å, –†—ã–ª—å—Å–∫",5,–í–µ—â–µ–≤–æ–π —Ä—ã–Ω–æ–∫,"–ù–æ—Ä–º–∞–ª—å–Ω—ã–π.–ø—Ä–µ–∫—Ä–∞—Å–Ω–æ–µ –æ–±—Å–ª—É–∂–∏–≤–∞–Ω–∏–µ, —Ö–æ—Ä–æ—à–∏–µ –æ—Ç–∑—ã–≤—á–∏–≤—ã–µ —Å–æ—Ç—Ä—É–¥–Ω–∏–∫–∏"
432900,0,NEGATIVE,432900,–ü–ª–∞–Ω–µ—Ç–∞,"–ù–∏–∂–Ω–∏–π –ù–æ–≤–≥–æ—Ä–æ–¥, –ú–æ—Å–∫–æ–≤—Å–∫–æ–µ —à–æ—Å—Å–µ, 122",2,–ú–∞–≥–∞–∑–∏–Ω –æ–¥–µ–∂–¥—ã;–ú–∞–≥–∞–∑–∏–Ω –ø–æ—Å—Ç–µ–ª—å–Ω—ã—Ö –ø—Ä–∏–Ω–∞–¥–ª–µ–∂–Ω–æ—Å—Ç–µ–π;–ú–∞–≥–∞–∑–∏–Ω –æ–±—É–≤–∏,"–ú–æ–∂–Ω–æ ,—á—Ç–æ —Ç–æ –≤—ã–±—Ä–∞—Ç—å , –ø–µ—Ä—Å–æ–Ω–∞–ª –≤–µ—Å—å –∞—Ä–º—è–Ω–µ, –∫–∞—Å—Å—ã —Å–≤–æ–±–æ–¥–Ω—ã ,–æ–¥–Ω–∞ –∫–∞—Å—Å–∞ —Ä–∞–±–æ—Ç–∞–µ—Ç  –æ–¥–µ–∂–¥–∞ –∏–∑ –ö–∏—Ç–∞—è (–Ω–∏–∑—à–µ–≥–æ –∫–∞—á–µ—Å—Ç–≤–∞) ,–æ–±—É–≤—å –≤—Å—è –∞–ª–µ—Ä–≥–∏—á–Ω–∞—è (–Ω–µ –∫–æ–∂–µ–Ω–Ω–∞—è,  –∞  –∫–ª–∏–µ–Ω–Ω—á–∞—Ç–∞—è), –µ—Å—Ç—å –Ω–∏–∂–Ω–µ–µ –±–µ–ª—å–µ, –¥–µ—Ç—Å–∫–æ–µ —Ç—Ä–∏–∫–æ—Ç–∞–∂, –∫—É—Ä—Ç–∫–∏ –∫–æ–≤—Ä—ã."
437709,0,POSITIVE,437709,–ü–ª–∞–Ω–µ—Ç–∞,"–ö—Ä–∞—Å–Ω–æ–¥–∞—Ä—Å–∫–∏–π –∫—Ä–∞–π, –ë–µ–ª–æ—Ä–µ—á–µ–Ω—Å–∫, —É–ª–∏—Ü–∞ –ü–æ–±–µ–¥—ã, 227–ê",5,–ú–∞–≥–∞–∑–∏–Ω –æ–¥–µ–∂–¥—ã;–¢–æ–≤–∞—Ä—ã –¥–ª—è –¥–æ–º–∞;–ú–∞–≥–∞–∑–∏–Ω –æ–±—É–≤–∏,"–ë–æ–ª—å—à–æ–π –∞—Å—Å–æ—Ä—Ç–∏–º–µ–Ω—Ç —Ç–æ–≤–∞—Ä–∞ –∏ —Ä–∞–∑–º–µ—Ä–æ–≤ –Ω–∞ –ª—é–±–æ–π –≤–∫—É—Å, –∫–æ—à–µ–ª—ë–∫ –∏ –≤–æ–∑—Ä–∞—Å—Ç.  –û—Ç–∑—ã–≤—á–∏–≤—ã–µ —Å–æ—Ç—Ä—É–¥–Ω–∏–∫–∏ –≤—Å–µ–≥–¥–∞ –ø—Ä–∏–¥—É—Ç –Ω–∞ –ø–æ–º–æ—â—å)"
439065,0,POSITIVE,439065,–ü–ª–∞–Ω–µ—Ç–∞,"–ü—Ä–∏–º–æ—Ä—Å–∫–∏–π –∫—Ä–∞–π, –£—Å—Å—É—Ä–∏–π—Å–∫, —É–ª–∏—Ü–∞ –ß–∏—á–µ—Ä–∏–Ω–∞, 105",5,–ú–∞–≥–∞–∑–∏–Ω –æ–¥–µ–∂–¥—ã;–ú–∞–≥–∞–∑–∏–Ω –≤–µ—Ä—Ö–Ω–µ–π –æ–¥–µ–∂–¥—ã;–ú–∞–≥–∞–∑–∏–Ω –æ–±—É–≤–∏,"–ë–æ–ª—å—à–æ–π –∞—Å—Å–æ—Ä—Ç–∏–º–µ–Ω—Ç –≤—ã–±–æ—Ä–∞ –Ω–∞ –º—É–∂—Å–∫–∏–µ –∏ –∂–µ–Ω—Å–∫–∏–µ  –≤–µ—â–∏, –¥–æ–±—Ä—ã–µ –∫–∞—Å—Å–∏—Ä—à–∏  —Å –∫–æ—Ç–æ—Ä—ã–º–∏ –º–æ–∂–Ω–æ –¥–æ–≥–æ–≤–æ—Ä–∏—Ç—å—Å—è, —Ü–µ–Ω—ã —Ö–æ—Ä–æ—à–∏–µ –Ω–∞ –∫–∞—á–µ—Å—Ç–≤–æ."
449302,0,POSITIVE,449302,–ü–ª–∞–Ω–µ—Ç–∞,"–°–∞–º–∞—Ä—Å–∫–∞—è –æ–±–ª–∞—Å—Ç—å, –ö–∏–Ω–µ–ª—å, —É–ª–∏—Ü–∞ –û—Ä–¥–∂–æ–Ω–∏–∫–∏–¥–∑–µ, 104",5,–¢–æ—Ä–≥–æ–≤—ã–π —Ü–µ–Ω—Ç—Ä,–•–æ—Ä–æ—à–∏–π —Ç—Ü. –°–µ–π—á–∞—Å —Ç–∞–º –Ω–µ—Ç –ø–æ–±–µ–¥—ã –Ω–æ –µ—Å—Ç—å –º–∞–≥–∞–∑–∏–Ω —Å—Ç—Ä–æ–∏—Ç–µ–ª—å–Ω—ã—Ö –º–∞—Ç–µ—Ä–∏–∞–ª–æ–≤. –¶–µ–Ω—ã –ø—Ä–∏—è—Ç–Ω–æ –≤–∞—Å —É–¥–µ–≤—è—Ç.  –ï—Å—Ç—å –¥–ª—è —Ä—ã–±–∞–ª–∫–∏ üêü.  –¢–æ–∂–µ –≤—Å–µ –µ—Å—Ç—å. –ï—Å—Ç—å –µ—â—ë –¥—Ä—É–≥–∏–µ –º–∞–≥–∞–∑–∏–Ω—ã –¥–ª—è —Ä–µ–º–æ–Ω—Ç–∞. –ï—Å—Ç—å —à–≤–µ—è –æ—á–µ–Ω—å —Ö–æ—Ä–æ—à–æ –∑–Ω–∞–µ—Ç —Å–≤–æ—é —Ä–∞–±–æ—Ç—É –∏ —Ü–µ–Ω–∞ –∑–∞ —É—Å–ª—É–≥–∏ —Ö–æ—Ä–æ—à–∞—è. –®—å—ë—Ç –æ—Ç–ª–∏—á–Ω–æ.
453544,2,POSITIVE,453544,–ü–ª–∞–Ω–µ—Ç–∞,"–ß—É–≤–∞—à—Å–∫–∞—è –†–µ—Å–ø—É–±–ª–∏–∫–∞, –ß–µ–±–æ–∫—Å–∞—Ä—ã, —É–ª–∏—Ü–∞ –ö–æ—Å–º–æ–Ω–∞–≤—Ç–∞ –ê–Ω–¥—Ä–∏—è–Ω–∞ –ì—Ä–∏–≥–æ—Ä—å–µ–≤–∏—á–∞ –ù–∏–∫–æ–ª–∞–µ–≤–∞, 6",5,–ö–æ–Ω–¥–∏—Ç–µ—Ä—Å–∫–∞—è;–¢–æ—Ä—Ç—ã –Ω–∞ –∑–∞–∫–∞–∑,"–õ—É—á—à–∞—è –∫–æ–Ω–¥–∏—Ç–µ—Ä—Å–∫–∞—è, –≤ –∫–æ—Ç–æ—Ä—ã—Ö –º—ã –±—ã–≤–∞–ª–∏. –ú—ã –∏–∑ –¥—Ä—É–≥–æ–≥–æ –≥–æ—Ä–æ–¥–∞, –Ω–æ –±—ã–≤–∞–µ–º –≤ –ß–µ–±–æ–∫—Å–∞—Ä–∞—Ö –∏ –æ–±—è–∑–∞—Ç–µ–ª—å–Ω–æ –∫–∞–∂–¥—ã–π —Ä–∞–∑ –ø–æ—Å–µ—â–∞–µ–º –∫–æ–Ω–¥–∏—Ç–µ—Ä—Å–∫—É—é. –í–µ–∂–ª–∏–≤—ã–π –ø–µ—Ä—Å–æ–Ω–∞–ª, –ø—Ä–∏—è—Ç–Ω—ã–π,  —Å–≤–µ—Ç–ª—ã–π –∏–Ω—Ç–µ—Ä—å–µ—Ä –∏ –æ–±–∞–ª–¥–µ–Ω–Ω—ã–µ –¥–µ—Å–µ—Ä—Ç—ã. –°–∞–º–æ–µ –≤–∫—É—Å–Ω–æ–µ –ø–∏—Ä–æ–∂–Ω–æ–µ –ò–ª–ª—é–∑–∏—è."
453545,2,POSITIVE,453545,–ü–ª–∞–Ω–µ—Ç–∞,"–ß—É–≤–∞—à—Å–∫–∞—è –†–µ—Å–ø—É–±–ª–∏–∫–∞, –ß–µ–±–æ–∫—Å–∞—Ä—ã, —É–ª–∏—Ü–∞ –ö–æ—Å–º–æ–Ω–∞–≤—Ç–∞ –ê–Ω–¥—Ä–∏—è–Ω–∞ –ì—Ä–∏–≥–æ—Ä—å–µ–≤–∏—á–∞ –ù–∏–∫–æ–ª–∞–µ–≤–∞, 6",5,–ö–æ–Ω–¥–∏—Ç–µ—Ä—Å–∫–∞—è;–¢–æ—Ä—Ç—ã –Ω–∞ –∑–∞–∫–∞–∑,"–ó–∞–º–µ—á–∞—Ç–µ–ª—å–Ω–æ–µ –º–µ—Å—Ç–æ, –æ—á–µ–Ω—å –≤–∫—É—Å–Ω—ã–µ –ø–∏—Ä–æ–∂–Ω—ã–µ –∏ —Ç–æ—Ä—Ç—ã, –≤—Å–µ –ø—Ä–æ–¥—É–º–∞–Ω–æ –¥–ª—è –ø–æ–∫—É–ø–∞—Ç–µ–ª–µ–π.–ù—É–∂–Ω–æ –æ–±—è–∑–∞—Ç–µ–ª—å–Ω–æ –ø–æ—Å–µ—Ç–∏—Ç—å –∫–∞–∂–¥–æ–º—É –≥–æ—Å—Ç—é –ß–µ–±–æ–∫—Å–∞—Ä"
453546,2,POSITIVE,453546,–ü–ª–∞–Ω–µ—Ç–∞,"–ß—É–≤–∞—à—Å–∫–∞—è –†–µ—Å–ø—É–±–ª–∏–∫–∞, –ß–µ–±–æ–∫—Å–∞—Ä—ã, —É–ª–∏—Ü–∞ –ö–æ—Å–º–æ–Ω–∞–≤—Ç–∞ –ê–Ω–¥—Ä–∏—è–Ω–∞ –ì—Ä–∏–≥–æ—Ä—å–µ–≤–∏—á–∞ –ù–∏–∫–æ–ª–∞–µ–≤–∞, 6",5,–ö–æ–Ω–¥–∏—Ç–µ—Ä—Å–∫–∞—è;–¢–æ—Ä—Ç—ã –Ω–∞ –∑–∞–∫–∞–∑,"–¢–æ—Ä—Ç—ã –ø–æ–∫—É–ø–∞—é —Ç–æ–ª—å–∫–æ –∑–¥–µ—Å—å. –û—á–µ–Ω—å, –æ—á–µ–Ω—å –≤–∫—É—Å–Ω—ã–µ –∏ –≤—Å–µ–≥–¥–∞ —Å–≤–µ–∂–∏–µ —Ç–æ—Ä—Ç—ã –∏ –ø–∏—Ä–æ–∂–Ω—ã–µ. –°–ø–∞—Å–∏–±–æ –≤–∞–º!!!"
453547,2,POSITIVE,453547,–ü–ª–∞–Ω–µ—Ç–∞,"–ß—É–≤–∞—à—Å–∫–∞—è –†–µ—Å–ø—É–±–ª–∏–∫–∞, –ß–µ–±–æ–∫—Å–∞—Ä—ã, —É–ª–∏—Ü–∞ –ö–æ—Å–º–æ–Ω–∞–≤—Ç–∞ –ê–Ω–¥—Ä–∏—è–Ω–∞ –ì—Ä–∏–≥–æ—Ä—å–µ–≤–∏—á–∞ –ù–∏–∫–æ–ª–∞–µ–≤–∞, 6",5,–ö–æ–Ω–¥–∏—Ç–µ—Ä—Å–∫–∞—è;–¢–æ—Ä—Ç—ã –Ω–∞ –∑–∞–∫–∞–∑,"–ù–∞–¥–æ —Å—é–¥–∞ –ø—Ä–∏–π—Ç–∏, –ø–æ–∫—É—à–∞—Ç—å, –∫—É–ø–∏—Ç—å —Ç–æ—Ä—Ç–∏–∫ (–æ—Å–æ–±–µ–Ω–Ω–æ—Å—Ç—å —Å–∫–æ—Ä–µ–µ –≤—Å–µ–≥–æ –≤—Å–µ–π –ß—É–≤–∞—à–∏–∏ —á—Ç–æ –Ω–µ —É–º–µ—é—Ç –¥–µ–ª–∞—Ç—å –∫—Ä–µ–º –ß–ò–ó, –ø—Ä–∏ —ç—Ç–æ–º –æ—á–µ–Ω—å –≤–∫—É—Å–Ω–æ). –û—Ç–ª–∏—á–Ω—ã–µ, –≤–∫—É—Å–Ω—ã–µ –∏ –∫—Ä–∞—Å–∏–≤—ã–µ –±–ª—é–¥–∞ –∏–∑ –∫–∞—Ñ–µ. –û—á–µ–Ω—å –ø—Ä–∏—è—Ç–Ω—ã–µ —Ü–µ–Ω—ã."
453787,0,POSITIVE,453787,–ü–ª–∞–Ω–µ—Ç–∞,"–†–æ—Å—Ç–æ–≤—Å–∫–∞—è –æ–±–ª–∞—Å—Ç—å, –ù–æ–≤–æ—à–∞—Ö—Ç–∏–Ω—Å–∫, –ë–∞–∑–∞—Ä–Ω–∞—è —É–ª–∏—Ü–∞, 2–õ",5,–ú–∞–≥–∞–∑–∏–Ω –æ–¥–µ–∂–¥—ã;–ú–∞–≥–∞–∑–∏–Ω –≥–∞–ª–∞–Ω—Ç–µ—Ä–µ–∏ –∏ –∞–∫—Å–µ—Å—Å—É–∞—Ä–æ–≤;–ú–∞–≥–∞–∑–∏–Ω –≥–æ–ª–æ–≤–Ω—ã—Ö —É–±–æ—Ä–æ–≤;–ú–∞–≥–∞–∑–∏–Ω –æ–±—É–≤–∏;–ú–∞–≥–∞–∑–∏–Ω —Å—É–º–æ–∫ –∏ —á–µ–º–æ–¥–∞–Ω–æ–≤,"–•–æ—Ä–æ—à–∏–π –º–∞–≥–∞–∑–∏–Ω, –±–æ–ª—å—à–æ–π –≤—ã–±–æ—Ä —Ç–æ–≤–∞—Ä–æ–≤, –¥–ª—è –≤—Å–µ–π —Å–µ–º—å–∏, –º–æ–∂–Ω–æ –Ω–µ–ø–ª–æ—Ö–∏–µ –≤–µ—â–∏ –ø—Ä–∏–æ–±—Ä–µ—Å—Ç–∏ –∏ –Ω–µ–¥–æ—Ä–æ–≥–æ, –Ω–∞–º –Ω—Ä–∞–≤–∏—Ç—Å—è"
453788,0,POSITIVE,453788,–ü–ª–∞–Ω–µ—Ç–∞,"–†–æ—Å—Ç–æ–≤—Å–∫–∞—è –æ–±–ª–∞—Å—Ç—å, –ù–æ–≤–æ—à–∞—Ö—Ç–∏–Ω—Å–∫, –ë–∞–∑–∞—Ä–Ω–∞—è —É–ª–∏—Ü–∞, 2–õ",5,–ú–∞–≥–∞–∑–∏–Ω –æ–¥–µ–∂–¥—ã;–ú–∞–≥–∞–∑–∏–Ω –≥–∞–ª–∞–Ω—Ç–µ—Ä–µ–∏ –∏ –∞–∫—Å–µ—Å—Å—É–∞—Ä–æ–≤;–ú–∞–≥–∞–∑–∏–Ω –≥–æ–ª–æ–≤–Ω—ã—Ö —É–±–æ—Ä–æ–≤;–ú–∞–≥–∞–∑–∏–Ω –æ–±—É–≤–∏;–ú–∞–≥–∞–∑–∏–Ω —Å—É–º–æ–∫ –∏ —á–µ–º–æ–¥–∞–Ω–æ–≤,"–ö–ª–∞—Å—Å–Ω—ã–π –º–∞–≥–∞–∑/ –µ–∑–¥–∏–º —Å—é–¥–∞ —Å –†–æ—Å—Ç–æ–≤–∞ —É–∂–µ –∫–∞–∫–æ–π —Å–µ–∑–æ–Ω) –≤—ã–±–æ—Ä –æ–≥—Ä–æ–º–Ω—ã–π, —Ä–∞–∑–º–µ—Ä—ã –æ–±—É–≤–∏ —Ö–æ—Ç—å –¥–æ 50-–≥–æ!! –í—Å–µ–≥–¥–∞ –º–Ω–æ–≥–æ –Ω–æ–≤–∏–Ω–æ–∫ –∏ —Ü–µ–Ω—ã —É–º–µ—Ä–µ–Ω–Ω—ã–µ."
